study_id,bibliography_id,publication_type,bibtype,title,author,school,doi,url,year,month,publisher,volume,number,pages,journal,copyright,editor,booktitle,institution,language,day,issn,article-number
NA,Coastal_Carbon_Data_Library,database,Misc,Database: Coastal Carbon Network Data Library,James Holmquist and Jaxine Wolfe and Michael Lonneman and Dave Klinges and J. Patrick Megonigal,NA,10.25573/serc.21565671,https://doi.org/10.25573/serc.21565671,2022,NA,Smithsonian Environmental Research Center,NA,NA,NA,NA,NA,NA,NA,NA,NA,NA,NA,NA
Adame_et_al_2013,Adame_et_al_2013_article,synthesis source,Article,Carbon Stocks of Tropical Coastal Wetlands within the Karstic Landscape of the Mexican Caribbean,Maria Fernanda Adame and J. Boone Kauffman and Israel Medina and Julieta N. Gamboa and Olmo Torres and Juan P. Caamal and Miriam Reza and Jorge A. Herrera-Silveira,NA,10.1371/journal.pone.0056569,https://doi.org/10.1371/journal.pone.0056569,2013,feb,Public Library of Science ({PLoS}),8,2,e56569,{PLoS} {ONE},NA,Han Y. H. Chen,NA,NA,NA,NA,NA,NA
Adame_et_al_2013,Sanderman_2018_data,synthesis dataset,Misc,Global mangrove soil carbon: dataset and spatial maps,Jonathan Sanderman,NA,10.7910/dvn/ocyuit,https://dataverse.harvard.edu/dataset.xhtml?persistentId=doi:10.7910/DVN/OCYUIT,2017,NA,Harvard Dataverse,NA,NA,NA,NA,NA,NA,NA,NA,NA,NA,NA,NA
AfSIS_Sentinel_Sites,Sanderman_2018_data,synthesis dataset,Misc,Global mangrove soil carbon: dataset and spatial maps,Jonathan Sanderman,NA,10.7910/dvn/ocyuit,https://dataverse.harvard.edu/dataset.xhtml?persistentId=doi:10.7910/DVN/OCYUIT,2017,NA,Harvard Dataverse,NA,NA,NA,NA,NA,NA,NA,NA,NA,NA,NA,NA
AfSPDB,Sanderman_2018_data,synthesis dataset,Misc,Global mangrove soil carbon: dataset and spatial maps,Jonathan Sanderman,NA,10.7910/dvn/ocyuit,https://dataverse.harvard.edu/dataset.xhtml?persistentId=doi:10.7910/DVN/OCYUIT,2017,NA,Harvard Dataverse,NA,NA,NA,NA,NA,NA,NA,NA,NA,NA,NA,NA
Alongi_et_al_2000,Alongi_et_al_2000_article_oct,synthesis source,Article,Below-ground decomposition of organic matter in forests of the mangroves Rhizophora stylosa and Avicennia marina along the arid coast of Western Australia,D.M Alongi and F Tirendi and B.F Clough,NA,10.1016/s0304-3770(00)00110-8,https://doi.org/10.1016/s0304-3770(00)00110-8,2000,oct,Elsevier {BV},68,2,97--122,Aquatic Botany,NA,NA,NA,NA,NA,NA,NA,NA
Alongi_et_al_2000,Alongi_et_al_2000_article,synthesis source,Article,"Benthic decomposition rates and pathways in plantations of the mangrove Rhizophora apiculata in the Mekong delta, Vietnam",DM Alongi and F Tirendi and LA Trott and TT Xuan,NA,10.3354/meps194087,https://doi.org/10.3354/meps194087,2000,NA,Inter-Research Science Center,194,NA,87--101,Marine Ecology Progress Series,NA,NA,NA,NA,NA,NA,NA,NA
Alongi_et_al_2000,Sanderman_2018_data,synthesis dataset,Misc,Global mangrove soil carbon: dataset and spatial maps,Jonathan Sanderman,NA,10.7910/dvn/ocyuit,https://dataverse.harvard.edu/dataset.xhtml?persistentId=doi:10.7910/DVN/OCYUIT,2017,NA,Harvard Dataverse,NA,NA,NA,NA,NA,NA,NA,NA,NA,NA,NA,NA
Alongi_et_al_2001,Alongi_et_al_2001_article,synthesis source,Article,Organic carbon accumulation and metabolic pathways in sediments of mangrove forests in southern Thailand,D.M Alongi and G Wattayakorn and J Pfitzner and F Tirendi and I Zagorskis and G.J Brunskill and A Davidson and B.F Clough,NA,10.1016/s0025-3227(01)00195-5,https://doi.org/10.1016/s0025-3227(01)00195-5,2001,sep,Elsevier {BV},179,NA,85--103,Marine Geology,NA,NA,NA,NA,NA,NA,NA,NA
Alongi_et_al_2001,Sanderman_2018_data,synthesis dataset,Misc,Global mangrove soil carbon: dataset and spatial maps,Jonathan Sanderman,NA,10.7910/dvn/ocyuit,https://dataverse.harvard.edu/dataset.xhtml?persistentId=doi:10.7910/DVN/OCYUIT,2017,NA,Harvard Dataverse,NA,NA,NA,NA,NA,NA,NA,NA,NA,NA,NA,NA
Alongi_et_al_2004,Alongi_et_al_2004_article,synthesis source,Article,Sediment accumulation and organic material flux in a managed mangrove ecosystem: estimates of land{\textendash}ocean{\textendash}atmosphere exchange in peninsular Malaysia,D.M Alongi and A Sasekumar and V.C Chong and J Pfitzner and L.A Trott and F Tirendi and P Dixon and G.J Brunskill,NA,10.1016/j.margeo.2004.04.016,https://doi.org/10.1016/j.margeo.2004.04.016,2004,aug,Elsevier {BV},208,NA,383--402,Marine Geology,NA,NA,NA,NA,NA,NA,NA,NA
Alongi_et_al_2004,Sanderman_2018_data,synthesis dataset,Misc,Global mangrove soil carbon: dataset and spatial maps,Jonathan Sanderman,NA,10.7910/dvn/ocyuit,https://dataverse.harvard.edu/dataset.xhtml?persistentId=doi:10.7910/DVN/OCYUIT,2017,NA,Harvard Dataverse,NA,NA,NA,NA,NA,NA,NA,NA,NA,NA,NA,NA
Alongi_et_al_2005,Alongi_et_al_2005_article,synthesis source,Article,"Rapid sediment accumulation and microbial mineralization in forests of the mangrove Kandelia candel in the Jiulongjiang Estuary, China",D.M. Alongi and J. Pfitzner and L.A. Trott and F. Tirendi and P. Dixon and D.W. Klumpp,NA,10.1016/j.ecss.2005.01.004,https://doi.org/10.1016/j.ecss.2005.01.004,2005,jun,Elsevier {BV},63,4,605--618,"Estuarine, Coastal and Shelf Science",NA,NA,NA,NA,NA,NA,NA,NA
Alongi_et_al_2005,Sanderman_2018_data,synthesis dataset,Misc,Global mangrove soil carbon: dataset and spatial maps,Jonathan Sanderman,NA,10.7910/dvn/ocyuit,https://dataverse.harvard.edu/dataset.xhtml?persistentId=doi:10.7910/DVN/OCYUIT,2017,NA,Harvard Dataverse,NA,NA,NA,NA,NA,NA,NA,NA,NA,NA,NA,NA
Andreetta_et_al_2014,Andreetta_et_al_2014_article,synthesis source,Article,Mangrove carbon sink. Do burrowing crabs contribute to sediment carbon storage? Evidence from a Kenyan mangrove system,Anna Andreetta and Marco Fusi and Irene Cameldi and Filippo Ci ò and Stefano Carnicelli and Stefano Cannicci,NA,10.1016/j.seares.2013.08.010,https://doi.org/10.1016/j.seares.2013.08.010,2014,jan,Elsevier {BV},85,NA,524--533,Journal of Sea Research,NA,NA,NA,NA,NA,NA,NA,NA
Andreetta_et_al_2014,Sanderman_2018_data,synthesis dataset,Misc,Global mangrove soil carbon: dataset and spatial maps,Jonathan Sanderman,NA,10.7910/dvn/ocyuit,https://dataverse.harvard.edu/dataset.xhtml?persistentId=doi:10.7910/DVN/OCYUIT,2017,NA,Harvard Dataverse,NA,NA,NA,NA,NA,NA,NA,NA,NA,NA,NA,NA
Andreetta_et_al_2016,Andreetta_et_al_2016_article,synthesis source,Article,Land use changes affecting soil organic carbon storage along a mangrove swamp rice chronosequence in the Cacheu and Oio regions (northern Guinea-Bissau),Anna Andreetta and Antonio Delgado Huertas and Matteo Lotti and Streng Cerise,NA,10.1016/j.agee.2015.10.017,https://doi.org/10.1016/j.agee.2015.10.017,2016,jan,Elsevier {BV},216,NA,314--321,"Agriculture, Ecosystems {\&} Environment",NA,NA,NA,NA,NA,NA,NA,NA
Andreetta_et_al_2016,Sanderman_2018_data,synthesis dataset,Misc,Global mangrove soil carbon: dataset and spatial maps,Jonathan Sanderman,NA,10.7910/dvn/ocyuit,https://dataverse.harvard.edu/dataset.xhtml?persistentId=doi:10.7910/DVN/OCYUIT,2017,NA,Harvard Dataverse,NA,NA,NA,NA,NA,NA,NA,NA,NA,NA,NA,NA
Ashton_and_Macintosh_2002,Ashton_and_Macintosh_2002_article,synthesis source,Article,"Preliminary assessment of the plant diversity and community ecology of the Sematan mangrove forest, Sarawak, Malaysia","Ashton, Elizabeth C and Macintosh, Donald J",NA,NA,NA,2002,NA,NA,166,NA,NA,Forest Ecology and Management,NA,NA,NA,NA,NA,NA,NA,NA
Ashton_and_Macintosh_2002,Sanderman_2018_data,synthesis dataset,Misc,Global mangrove soil carbon: dataset and spatial maps,Jonathan Sanderman,NA,10.7910/dvn/ocyuit,https://dataverse.harvard.edu/dataset.xhtml?persistentId=doi:10.7910/DVN/OCYUIT,2017,NA,Harvard Dataverse,NA,NA,NA,NA,NA,NA,NA,NA,NA,NA,NA,NA
AU_NatSoil,Sanderman_2018_data,synthesis dataset,Misc,Global mangrove soil carbon: dataset and spatial maps,Jonathan Sanderman,NA,10.7910/dvn/ocyuit,https://dataverse.harvard.edu/dataset.xhtml?persistentId=doi:10.7910/DVN/OCYUIT,2017,NA,Harvard Dataverse,NA,NA,NA,NA,NA,NA,NA,NA,NA,NA,NA,NA
Banerjee_et_al_2012,Banerjee_et_al_2012_article,synthesis source,Article,Influence of anthropogenic and natural factors on the mangrove soil of Indian Sundarbans wetland,"Banerjee, Kakoli and Roy Chowdhury, M and Sengupta, Kasturi and Sett, Saurov and Mitra, Abhijit",NA,NA,NA,2012,NA,NA,6,NA,NA,Arch Environ Sci,NA,NA,NA,NA,NA,NA,NA,NA
Banerjee_et_al_2012,Sanderman_2018_data,synthesis dataset,Misc,Global mangrove soil carbon: dataset and spatial maps,Jonathan Sanderman,NA,10.7910/dvn/ocyuit,https://dataverse.harvard.edu/dataset.xhtml?persistentId=doi:10.7910/DVN/OCYUIT,2017,NA,Harvard Dataverse,NA,NA,NA,NA,NA,NA,NA,NA,NA,NA,NA,NA
Bhomia_et_al_2016_Honduras,Sanderman_2018_data,synthesis dataset,Misc,Global mangrove soil carbon: dataset and spatial maps,Jonathan Sanderman,NA,10.7910/dvn/ocyuit,https://dataverse.harvard.edu/dataset.xhtml?persistentId=doi:10.7910/DVN/OCYUIT,2017,NA,Harvard Dataverse,NA,NA,NA,NA,NA,NA,NA,NA,NA,NA,NA,NA
Bhomia_et_al_2016_India,Sanderman_2018_data,synthesis dataset,Misc,Global mangrove soil carbon: dataset and spatial maps,Jonathan Sanderman,NA,10.7910/dvn/ocyuit,https://dataverse.harvard.edu/dataset.xhtml?persistentId=doi:10.7910/DVN/OCYUIT,2017,NA,Harvard Dataverse,NA,NA,NA,NA,NA,NA,NA,NA,NA,NA,NA,NA
Bianchi_et_al_2012,Sanderman_2018_data,synthesis dataset,Misc,Global mangrove soil carbon: dataset and spatial maps,Jonathan Sanderman,NA,10.7910/dvn/ocyuit,https://dataverse.harvard.edu/dataset.xhtml?persistentId=doi:10.7910/DVN/OCYUIT,2017,NA,Harvard Dataverse,NA,NA,NA,NA,NA,NA,NA,NA,NA,NA,NA,NA
Blue_Ventures_Unpublished,Sanderman_2018_data,synthesis dataset,Misc,Global mangrove soil carbon: dataset and spatial maps,Jonathan Sanderman,NA,10.7910/dvn/ocyuit,https://dataverse.harvard.edu/dataset.xhtml?persistentId=doi:10.7910/DVN/OCYUIT,2017,NA,Harvard Dataverse,NA,NA,NA,NA,NA,NA,NA,NA,NA,NA,NA,NA
Breithaupt_et_al_2014,Breithaupt_et_al_2014_article,associated source,Article,"Temporal variability of carbon and nutrient burial, sediment accretion, and mass accumulation over the past century in a carbonate platform mangrove forest of the Florida Everglades",Joshua L Breithaupt and Joseph M Smoak and Thomas J {Smith III} and Christian J Sanders,NA,10.1002/2014JG002715,https://doi.org/10.1002/2014JG002715,2014,NA,Wiley Online Library,119,10,2032--2048,Journal of Geophysical Research: Biogeosciences,NA,NA,NA,NA,NA,NA,NA,NA
Breithaupt_et_al_2014,Breithaupt_et_al_2019_data,primary dataset,Misc,"Temporal variability of carbon and nutrient burial, sedient accretion, and mass accumulation over the past century in a carbonate platform mangrove forest of the Florida Everglades",Joshua L. Breithaupt and Joseph M. Smoak and Christian J. Sanders and III {Thomas J. Smith},NA,10.25573/serc.11310926,https://doi.org/10.25573/serc.11310926,2019,NA,The Smithsonian Institution,NA,NA,NA,NA,NA,NA,NA,NA,NA,NA,NA,NA
Breithaupt_et_al_2017,Holmquist_et_al_2018_synthesis,synthesis dataset,Misc,Accuracy and Precision of Tidal Wetland Soil Carbon Mapping in the Conterminous United States: Public Soil Carbon Data Release,James R. Holmquist and Lisamarie Windham-Myers and Norman Bliss and Stephen Crooks and James T. Morris and J. Patrick Megonigal and Tiffany Troxler and Donald Weller and John Callaway and Judith Drexler and Matthew C. Ferner and Meagan E. Gonneea and Kevin D. Kroeger and Lisa Schile-Beers and Isa Woo and Kevin Buffington and Brandon M. Boyd and Joshua Breithaupt and Lauren N. Brown and Nicole Dix and Lyndie Hice and Benjamin P. Horton and Glen M. MacDonald and Ryan P. Moyer and William Reay and Timothy Shaw and Erik Smith and Joseph M. Smoak and Christopher Sommerfield and Karen Thorne and David Velinsky and Elizabeth Watson and Kristen {Wilson Grimes} and Mark Woodrey,NA,10.25572/ccrcn/10088/35684,https://repository.si.edu/handle/10088/35684,2018,NA,Smithsonian Research Online,NA,NA,NA,NA,NA,NA,NA,NA,NA,NA,NA,NA
Breithaupt_et_al_2017,Breithaupt_et_al_2017_article,synthesis source,Article,Partitioning the relative contributions of organic matter and mineral sediment to accretion rates in carbonate platform mangrove soils,Joshua L. Breithaupt and Joseph M. Smoak and Victor H. Rivera-Monroy and Edward Castañeda-Moya and Ryan P. Moyer and Marc Simard and Christian J. Sanders,NA,10.1016/j.margeo.2017.07.002,https://doi.org/10.1016/j.margeo.2017.07.002,2017,aug,Elsevier {BV},390,NA,170--180,Marine Geology,NA,NA,NA,NA,NA,NA,NA,NA
Breithaupt_et_al_2020,Breithaupt_et_al_2020_data,primary dataset,Misc,Dataset: Increasing rates of carbon burial in southwest Florida coastal wetlands,"Breithaupt, Joshua L. and Smoak, Joseph M. and Bianchi, Thomas S. and Vaughn, Derrick and Sanders, Christian J. and Radabaugh, Kara R. and  Michael J. Osland and Laura C. Feher and James C. Lynch and Donald R. Cahoon and Gordon H. Anderson and Kevin R.T. Whelan and Brad E. Rosenheim and Ryan P. Moyer and Lisa G. Chambers",NA,10.25573/data.9894266,https://doi.org/10.25573/data.9894266,2020,NA,The Smithsonian Institution,NA,NA,NA,NA,NA,NA,NA,NA,NA,NA,NA,NA
Brunskill_et_al_2002,Brunskill_et_al_2002_article,synthesis source,Article,"Carbon Burial Rates in Sediments and a Carbon Mass Balance for the Herbert River Region of the Great Barrier Reef Continental Shelf, North Queensland, Australia",G.J. Brunskill and I. Zagorskis and J. Pfitzner,NA,10.1006/ecss.2001.0852,https://doi.org/10.1006/ecss.2001.0852,2002,apr,Elsevier {BV},54,4,677--700,"Estuarine, Coastal and Shelf Science",NA,NA,NA,NA,NA,NA,NA,NA
Brunskill_et_al_2002,Sanderman_2018_data,synthesis dataset,Misc,Global mangrove soil carbon: dataset and spatial maps,Jonathan Sanderman,NA,10.7910/dvn/ocyuit,https://dataverse.harvard.edu/dataset.xhtml?persistentId=doi:10.7910/DVN/OCYUIT,2017,NA,Harvard Dataverse,NA,NA,NA,NA,NA,NA,NA,NA,NA,NA,NA,NA
Brunskill_et_al_2004,Brunskill_et_al_2004_article,synthesis source,Article,"Sediment and trace element depositional history from the Ajkwa River estuarine mangroves of Irian Jaya (West Papua), Indonesia",Gregg J. Brunskill and Irena Zagorskis and John Pfitzner and Joanna Ellison,NA,10.1016/j.csr.2004.07.024,https://doi.org/10.1016/j.csr.2004.07.024,2004,dec,Elsevier {BV},24,19,2535--2551,Continental Shelf Research,NA,NA,NA,NA,NA,NA,NA,NA
Brunskill_et_al_2004,Sanderman_2018_data,synthesis dataset,Misc,Global mangrove soil carbon: dataset and spatial maps,Jonathan Sanderman,NA,10.7910/dvn/ocyuit,https://dataverse.harvard.edu/dataset.xhtml?persistentId=doi:10.7910/DVN/OCYUIT,2017,NA,Harvard Dataverse,NA,NA,NA,NA,NA,NA,NA,NA,NA,NA,NA,NA
Bukoski_et_al_2017,Bukoski_et_al_2017_article,synthesis source,Article,The Use of Mixed Effects Models for Obtaining Low-Cost Ecosystem Carbon Stock Estimates in Mangroves of the Asia-Pacific,Jacob J. Bukoski and Jeremy S. Broadhead and Daniel C. Donato and Daniel Murdiyarso and Timothy G. Gregoire,NA,10.1371/journal.pone.0169096,https://doi.org/10.1371/journal.pone.0169096,2017,jan,Public Library of Science ({PLoS}),12,1,e0169096,{PLOS} {ONE},NA,Shing Yip Lee,NA,NA,NA,NA,NA,NA
Bukoski_et_al_2017,Sanderman_2018_data,synthesis dataset,Misc,Global mangrove soil carbon: dataset and spatial maps,Jonathan Sanderman,NA,10.7910/dvn/ocyuit,https://dataverse.harvard.edu/dataset.xhtml?persistentId=doi:10.7910/DVN/OCYUIT,2017,NA,Harvard Dataverse,NA,NA,NA,NA,NA,NA,NA,NA,NA,NA,NA,NA
C._Sanders_Submitted_to_ECSS,Sanderman_2018_data,synthesis dataset,Misc,Global mangrove soil carbon: dataset and spatial maps,Jonathan Sanderman,NA,10.7910/dvn/ocyuit,https://dataverse.harvard.edu/dataset.xhtml?persistentId=doi:10.7910/DVN/OCYUIT,2017,NA,Harvard Dataverse,NA,NA,NA,NA,NA,NA,NA,NA,NA,NA,NA,NA
C._Sanders_Unpublished,Sanderman_2018_data,synthesis dataset,Misc,Global mangrove soil carbon: dataset and spatial maps,Jonathan Sanderman,NA,10.7910/dvn/ocyuit,https://dataverse.harvard.edu/dataset.xhtml?persistentId=doi:10.7910/DVN/OCYUIT,2017,NA,Harvard Dataverse,NA,NA,NA,NA,NA,NA,NA,NA,NA,NA,NA,NA
Ceron-Breton_et_al_2011,Sanderman_2018_data,synthesis dataset,Misc,Global mangrove soil carbon: dataset and spatial maps,Jonathan Sanderman,NA,10.7910/dvn/ocyuit,https://dataverse.harvard.edu/dataset.xhtml?persistentId=doi:10.7910/DVN/OCYUIT,2017,NA,Harvard Dataverse,NA,NA,NA,NA,NA,NA,NA,NA,NA,NA,NA,NA
Chen_and_Twilley_1999,Chen_and_Twilley_1999_article,synthesis source,Article,A simulation model of organic matter and nutrient accumulation in mangrove wetland soils,Ronghua Chen and Robert R. Twilley,NA,10.1007/bf00993000,https://doi.org/10.1007/bf00993000,1999,jan,Springer Science and Business Media {LLC},44,1,93--118,Biogeochemistry,NA,NA,NA,NA,NA,NA,NA,NA
Chen_and_Twilley_1999,Sanderman_2018_data,synthesis dataset,Misc,Global mangrove soil carbon: dataset and spatial maps,Jonathan Sanderman,NA,10.7910/dvn/ocyuit,https://dataverse.harvard.edu/dataset.xhtml?persistentId=doi:10.7910/DVN/OCYUIT,2017,NA,Harvard Dataverse,NA,NA,NA,NA,NA,NA,NA,NA,NA,NA,NA,NA
Cifuentes_Unpublished,Sanderman_2018_data,synthesis dataset,Misc,Global mangrove soil carbon: dataset and spatial maps,Jonathan Sanderman,NA,10.7910/dvn/ocyuit,https://dataverse.harvard.edu/dataset.xhtml?persistentId=doi:10.7910/DVN/OCYUIT,2017,NA,Harvard Dataverse,NA,NA,NA,NA,NA,NA,NA,NA,NA,NA,NA,NA
DelVecchia_et_al_2014,DelVecchia_et_al_2014_article,synthesis source,Article,Organic carbon inventories in natural and restored Ecuadorian mangrove forests,Amanda G. DelVecchia and John F. Bruno and Larry Benninger and Marc Alperin and Ovik Banerjee and Juan {de Dios Morales},NA,10.7717/peerj.388,https://doi.org/10.7717/peerj.388,2014,may,{PeerJ},2,NA,e388,{PeerJ},NA,NA,NA,NA,NA,NA,NA,NA
DelVecchia_et_al_2014,Sanderman_2018_data,synthesis dataset,Misc,Global mangrove soil carbon: dataset and spatial maps,Jonathan Sanderman,NA,10.7910/dvn/ocyuit,https://dataverse.harvard.edu/dataset.xhtml?persistentId=doi:10.7910/DVN/OCYUIT,2017,NA,Harvard Dataverse,NA,NA,NA,NA,NA,NA,NA,NA,NA,NA,NA,NA
Donato_et_al_2011,Donato_et_al_2011_article,synthesis source,Article,Mangroves among the most carbon-rich forests in the tropics,Daniel C. Donato and J. Boone Kauffman and Daniel Murdiyarso and Sofyan Kurnianto and Melanie Stidham and Markku Kanninen,NA,10.1038/ngeo1123,https://doi.org/10.1038/ngeo1123,2011,apr,Springer Science and Business Media {LLC},4,5,293--297,Nature Geoscience,NA,NA,NA,NA,NA,NA,NA,NA
Donato_et_al_2011,Sanderman_2018_data,synthesis dataset,Misc,Global mangrove soil carbon: dataset and spatial maps,Jonathan Sanderman,NA,10.7910/dvn/ocyuit,https://dataverse.harvard.edu/dataset.xhtml?persistentId=doi:10.7910/DVN/OCYUIT,2017,NA,Harvard Dataverse,NA,NA,NA,NA,NA,NA,NA,NA,NA,NA,NA,NA
Donato_et_al_2012,Donato_et_al_2012_article,synthesis source,Article,Whole-island carbon stocks in the tropical Pacific: Implications for mangrove conservation and upland restoration,D.C. Donato and J.B. Kauffman and R.A. Mackenzie and A. Ainsworth and A.Z. Pfleeger,NA,10.1016/j.jenvman.2011.12.004,https://doi.org/10.1016/j.jenvman.2011.12.004,2012,apr,Elsevier {BV},97,NA,89--96,Journal of Environmental Management,NA,NA,NA,NA,NA,NA,NA,NA
Donato_et_al_2012,Sanderman_2018_data,synthesis dataset,Misc,Global mangrove soil carbon: dataset and spatial maps,Jonathan Sanderman,NA,10.7910/dvn/ocyuit,https://dataverse.harvard.edu/dataset.xhtml?persistentId=doi:10.7910/DVN/OCYUIT,2017,NA,Harvard Dataverse,NA,NA,NA,NA,NA,NA,NA,NA,NA,NA,NA,NA
Doughty_et_al_2016,Doughty_et_al_2019_data,primary dataset,Misc,Mangroves marching northward: the impacts of rising seas and temperatures on ecosystems at Kennedy Space Center,Cheryl Doughty and {J. Adam Langley} and Wayne Walker and Ilka C. Feller and Ronald Schaub and Samantha Chapman,NA,10.25573/DATA.9695918.V1,https://smithsonian.figshare.com/articles/Mangroves_marching_northward_the_impacts_of_rising_seas_and_temperatures_on_ecosystems_at_Kennedy_Space_Center/9695918/1,2019,NA,The Smithsonian Institution,NA,NA,NA,NA,CC BY 4.0,NA,NA,NA,NA,NA,NA,NA
Doughty_et_al_2016,Doughty_et_al_2015_article,associated source,Article,Mangrove Range Expansion Rapidly Increases Coastal Wetland Carbon Storage,Cheryl L. Doughty and J. Adam Langley and Wayne S. Walker and Ilka C. Feller and Ronald Schaub and Samantha K. Chapman,NA,10.1007/s12237-015-9993-8,https://doi.org/10.1007/s12237-015-9993-8,2015,may,Springer Science and Business Media {LLC},39,2,385--396,Estuaries and Coasts,NA,NA,NA,NA,NA,NA,NA,NA
Duncan_et_al_2016,Sanderman_2018_data,synthesis dataset,Misc,Global mangrove soil carbon: dataset and spatial maps,Jonathan Sanderman,NA,10.7910/dvn/ocyuit,https://dataverse.harvard.edu/dataset.xhtml?persistentId=doi:10.7910/DVN/OCYUIT,2017,NA,Harvard Dataverse,NA,NA,NA,NA,NA,NA,NA,NA,NA,NA,NA,NA
Dung_et_al_2016,Dung_et_al_2016_article,synthesis source,Article,"Carbon storage in a restored mangrove forest in Can Gio Mangrove Forest Park, Mekong Delta, Vietnam",Luu Viet Dung and Nguyen Tai Tue and Mai Trong Nhuan and Koji Omori,NA,10.1016/j.foreco.2016.08.032,https://doi.org/10.1016/j.foreco.2016.08.032,2016,nov,Elsevier {BV},380,NA,31--40,Forest Ecology and Management,NA,NA,NA,NA,NA,NA,NA,NA
Dung_et_al_2016,Sanderman_2018_data,synthesis dataset,Misc,Global mangrove soil carbon: dataset and spatial maps,Jonathan Sanderman,NA,10.7910/dvn/ocyuit,https://dataverse.harvard.edu/dataset.xhtml?persistentId=doi:10.7910/DVN/OCYUIT,2017,NA,Harvard Dataverse,NA,NA,NA,NA,NA,NA,NA,NA,NA,NA,NA,NA
Eagle_et_al_2021,Eagle_et_al_2021_data,primary dataset,Misc,"Collection, analysis, and age-dating of sediment cores from mangrove wetlands in San Juan Bay Estuary, Puerto Rico, 2016",Jennifer A {O'keefe Suttles} and Cathleen Wigand and Meagan J Eagle and Benjamin Branoff and Stephen Balogh and Kenneth Miller and Rose Martin and Alana Hanson and Autumn Oczkowski and Evelyn Huertas and Elizabeth Watson and Joseph Loffredo,NA,10.5066/P97CAF30,https://www.sciencebase.gov/catalog/item/60902e3fd34e93746a710491,2021,NA,U.S. Geological Survey,NA,NA,NA,NA,NA,NA,NA,NA,NA,NA,NA,NA
Eagle_et_al_2021,Wigand_et_al_2021_article,associated source,Article,"Recent Carbon Storage and Burial Exceed Historic Rates in the San Juan Bay Estuary Peri-Urban Mangrove Forests (Puerto Rico, United States)",Cathleen Wigand and Meagan Eagle and Benjamin L. Branoff and Stephen Balogh and Kenneth M. Miller and Rose M. Martin and Alana Hanson and Autumn J. Oczkowski and Evelyn Huertas and Joseph Loffredo and Elizabeth B. Watson,NA,10.3389/ffgc.2021.676691,https://www.frontiersin.org/article/10.3389/ffgc.2021.676691,2021,NA,NA,4,NA,67,Frontiers in Forests and Global Change,NA,NA,NA,NA,NA,NA,2624-893X,NA
Ezcurra_et_al_2016,Ezcurra_et_al_2016_article,synthesis source,Article,Coastal landforms and accumulation of mangrove peat increase carbon sequestration and storage,Paula Ezcurra and Exequiel Ezcurra and Pedro P. GarcillÃ¡n and Matthew T. Costa and Octavio Aburto-Oropeza,NA,10.1073/pnas.1519774113,https://doi.org/10.1073/pnas.1519774113,2016,mar,Proceedings of the National Academy of Sciences,113,16,4404--4409,Proceedings of the National Academy of Sciences,NA,NA,NA,NA,NA,NA,NA,NA
Ezcurra_et_al_2016,Sanderman_2018_data,synthesis dataset,Misc,Global mangrove soil carbon: dataset and spatial maps,Jonathan Sanderman,NA,10.7910/dvn/ocyuit,https://dataverse.harvard.edu/dataset.xhtml?persistentId=doi:10.7910/DVN/OCYUIT,2017,NA,Harvard Dataverse,NA,NA,NA,NA,NA,NA,NA,NA,NA,NA,NA,NA
Frusher_et_al_1994,Sanderman_2018_data,synthesis dataset,Misc,Global mangrove soil carbon: dataset and spatial maps,Jonathan Sanderman,NA,10.7910/dvn/ocyuit,https://dataverse.harvard.edu/dataset.xhtml?persistentId=doi:10.7910/DVN/OCYUIT,2017,NA,Harvard Dataverse,NA,NA,NA,NA,NA,NA,NA,NA,NA,NA,NA,NA
Fujimoto_et_al_1999,Fujimoto_et_al_1999_article,synthesis source,Article,Belowground carbon storage of Micronesian mangrove forests,Kiyoshi Fujimoto and Akihiro Imaya and Ryuichi Tabuchi and Shigeo Kuramoto and Hajime Utsugi and Tamon Murofushi,NA,10.1046/j.1440-1703.1999.00313.x,https://doi.org/10.1046/j.1440-1703.1999.00313.x,1999,dec,Wiley,14,4,409--413,Ecological Research,NA,NA,NA,NA,NA,NA,NA,NA
Fujimoto_et_al_1999,Sanderman_2018_data,synthesis dataset,Misc,Global mangrove soil carbon: dataset and spatial maps,Jonathan Sanderman,NA,10.7910/dvn/ocyuit,https://dataverse.harvard.edu/dataset.xhtml?persistentId=doi:10.7910/DVN/OCYUIT,2017,NA,Harvard Dataverse,NA,NA,NA,NA,NA,NA,NA,NA,NA,NA,NA,NA
Giani_et_al_1996,Sanderman_2018_data,synthesis dataset,Misc,Global mangrove soil carbon: dataset and spatial maps,Jonathan Sanderman,NA,10.7910/dvn/ocyuit,https://dataverse.harvard.edu/dataset.xhtml?persistentId=doi:10.7910/DVN/OCYUIT,2017,NA,Harvard Dataverse,NA,NA,NA,NA,NA,NA,NA,NA,NA,NA,NA,NA
Gonneea_et_al_2004,Gonneea_et_al_2004_article,synthesis source,Article,Tracing organic matter sources and carbon burial in mangrove sediments over the past 160 years,Meagan Eagle Gonneea and Adina Paytan and Jorge A. Herrera-Silveira,NA,10.1016/j.ecss.2004.04.015,https://doi.org/10.1016/j.ecss.2004.04.015,2004,oct,Elsevier {BV},61,2,211--227,"Estuarine, Coastal and Shelf Science",NA,NA,NA,NA,NA,NA,NA,NA
Gonneea_et_al_2004,Sanderman_2018_data,synthesis dataset,Misc,Global mangrove soil carbon: dataset and spatial maps,Jonathan Sanderman,NA,10.7910/dvn/ocyuit,https://dataverse.harvard.edu/dataset.xhtml?persistentId=doi:10.7910/DVN/OCYUIT,2017,NA,Harvard Dataverse,NA,NA,NA,NA,NA,NA,NA,NA,NA,NA,NA,NA
Gonneea_et_al_2004,Gonneea_et_al_2004_article,synthesis source,Article,Tracing organic matter sources and carbon burial in mangrove sediments over the past 160 years,Meagan Eagle Gonneea and Adina Paytan and Jorge A. Herrera-Silveira,NA,10.1016/j.ecss.2004.04.015,https://doi.org/10.1016/j.ecss.2004.04.015,2004,oct,Elsevier {BV},61,2,211--227,"Estuarine, Coastal and Shelf Science",NA,NA,NA,NA,NA,NA,NA,NA
Gonneea_et_al_2004,Fourqurean_et_al_2012_article,synthesis source,Article,Seagrass ecosystems as a globally significant carbon stock,James W. Fourqurean and Carlos M. Duarte and Hilary Kennedy and NÃºria Mar {à} and Marianne Holmer and Miguel Angel Mateo and Eugenia T. Apostolaki and Gary A. Kendrick and Dorte Krause-Jensen and Karen J. McGlathery and Oscar Serrano,NA,10.1038/ngeo1477,https://doi.org/10.1038/ngeo1477,2012,may,Springer Nature,5,7,505--509,Nature Geoscience,NA,NA,NA,NA,NA,NA,NA,NA
He_et_al_2002,He_et_al_2002_article,synthesis source,Article,Studies on soil physical and chemical properties and enzyme activities of different mangrove communities in Yingluo Bay of Guangxi,"He, Bin and Wen, Yuanguang and Yuan, Xia and Liang, Hongwen and Liu, Shirong",NA,NA,NA,2002,NA,NA,38,2,NA,Scientia Silvae Sinicae,NA,NA,NA,NA,NA,NA,NA,NA
He_et_al_2002,Sanderman_2018_data,synthesis dataset,Misc,Global mangrove soil carbon: dataset and spatial maps,Jonathan Sanderman,NA,10.7910/dvn/ocyuit,https://dataverse.harvard.edu/dataset.xhtml?persistentId=doi:10.7910/DVN/OCYUIT,2017,NA,Harvard Dataverse,NA,NA,NA,NA,NA,NA,NA,NA,NA,NA,NA,NA
Jones_et_al_2016,Jones_et_al_2016_article,synthesis source,InCollection,"The Mangroves of Ambanja and Ambaro Bays, Northwest Madagascar: Historical Dynamics, Current Status and Deforestation Mitigation Strategy",Trevor Gareth Jones and Harifidy Rakoto Ratsimba and Aude Carro and Lalao Ravaoarinorotsihoarana and Leah Glass and Marianne Teoh and Lisa Benson and Garth Cripps and Chandra Giri and Bienvenue Zafindrasilivonona and Raymond Raherindray and Zo Andriamahenina and Mialy Andriamahefazafy,NA,10.1007/978-3-319-25370-1_5,https://doi.org/10.1007/978-3-319-25370-1_5,2016,NA,Springer International Publishing,NA,NA,67--85,NA,NA,NA,Estuaries of the World,NA,NA,NA,NA,NA
Jones_et_al_2016,Sanderman_2018_data,synthesis dataset,Misc,Global mangrove soil carbon: dataset and spatial maps,Jonathan Sanderman,NA,10.7910/dvn/ocyuit,https://dataverse.harvard.edu/dataset.xhtml?persistentId=doi:10.7910/DVN/OCYUIT,2017,NA,Harvard Dataverse,NA,NA,NA,NA,NA,NA,NA,NA,NA,NA,NA,NA
Kauffman_et_al_2016,Sanderman_2018_data,synthesis dataset,Misc,Global mangrove soil carbon: dataset and spatial maps,Jonathan Sanderman,NA,10.7910/dvn/ocyuit,https://dataverse.harvard.edu/dataset.xhtml?persistentId=doi:10.7910/DVN/OCYUIT,2017,NA,Harvard Dataverse,NA,NA,NA,NA,NA,NA,NA,NA,NA,NA,NA,NA
Kauffmann_et_al_2011,Sanderman_2018_data,synthesis dataset,Misc,Global mangrove soil carbon: dataset and spatial maps,Jonathan Sanderman,NA,10.7910/dvn/ocyuit,https://dataverse.harvard.edu/dataset.xhtml?persistentId=doi:10.7910/DVN/OCYUIT,2017,NA,Harvard Dataverse,NA,NA,NA,NA,NA,NA,NA,NA,NA,NA,NA,NA
Kauffmann_et_al_2014,Sanderman_2018_data,synthesis dataset,Misc,Global mangrove soil carbon: dataset and spatial maps,Jonathan Sanderman,NA,10.7910/dvn/ocyuit,https://dataverse.harvard.edu/dataset.xhtml?persistentId=doi:10.7910/DVN/OCYUIT,2017,NA,Harvard Dataverse,NA,NA,NA,NA,NA,NA,NA,NA,NA,NA,NA,NA
Kelleway_et_al_2016,Sanderman_2018_data,synthesis dataset,Misc,Global mangrove soil carbon: dataset and spatial maps,Jonathan Sanderman,NA,10.7910/dvn/ocyuit,https://dataverse.harvard.edu/dataset.xhtml?persistentId=doi:10.7910/DVN/OCYUIT,2017,NA,Harvard Dataverse,NA,NA,NA,NA,NA,NA,NA,NA,NA,NA,NA,NA
Lallier-Verges_et_al_1998,Lallier-Verges_et_al_1998_article,synthesis source,Article,"Relationships between environmental conditions and the diagenetic evolution of organic matter derived from higher plants in a modern mangrove swamp system (Guadeloupe, French West Indies)",Elisabeth Lallier-Verges and Benoit P Perrussel and Jean-Robert Disnar and Frederic Baltzer,NA,10.1016/s0146-6380(98)00179-x,https://doi.org/10.1016/s0146-6380(98)00179-x,1998,nov,Elsevier {BV},29,NA,1663--1686,Organic Geochemistry,NA,NA,NA,NA,NA,NA,NA,NA
Lallier-Verges_et_al_1998,Sanderman_2018_data,synthesis dataset,Misc,Global mangrove soil carbon: dataset and spatial maps,Jonathan Sanderman,NA,10.7910/dvn/ocyuit,https://dataverse.harvard.edu/dataset.xhtml?persistentId=doi:10.7910/DVN/OCYUIT,2017,NA,Harvard Dataverse,NA,NA,NA,NA,NA,NA,NA,NA,NA,NA,NA,NA
Lang'at_et_al_2014,Lang'at_et_al_2014_article,synthesis source,Article,Rapid Losses of Surface Elevation following Tree Girdling and Cutting in Tropical Mangroves,Joseph Kipkorir Sigi Lang\textquotesingleat and James G. Kairo and Maurizio Mencuccini and Steven Bouillon and Martin W. Skov and Susan Waldron and Mark Huxham,NA,10.1371/journal.pone.0107868,https://doi.org/10.1371/journal.pone.0107868,2014,sep,Public Library of Science ({PLoS}),9,9,e107868,{PLoS} {ONE},NA,Vanesa Magar,NA,NA,NA,NA,NA,NA
Lang'at_et_al_2014,Sanderman_2018_data,synthesis dataset,Misc,Global mangrove soil carbon: dataset and spatial maps,Jonathan Sanderman,NA,10.7910/dvn/ocyuit,https://dataverse.harvard.edu/dataset.xhtml?persistentId=doi:10.7910/DVN/OCYUIT,2017,NA,Harvard Dataverse,NA,NA,NA,NA,NA,NA,NA,NA,NA,NA,NA,NA
Liu_2005,Sanderman_2018_data,synthesis dataset,Misc,Global mangrove soil carbon: dataset and spatial maps,Jonathan Sanderman,NA,10.7910/dvn/ocyuit,https://dataverse.harvard.edu/dataset.xhtml?persistentId=doi:10.7910/DVN/OCYUIT,2017,NA,Harvard Dataverse,NA,NA,NA,NA,NA,NA,NA,NA,NA,NA,NA,NA
Livesley_and_Andrusiak_2012,Livesley_and_Andrusiak_2012_article,synthesis source,Article,Temperate mangrove and salt marsh sediments are a small methane and nitrous oxide source but important carbon store,Stephen J. Livesley and Sascha M. Andrusiak,NA,10.1016/j.ecss.2011.11.002,https://doi.org/10.1016/j.ecss.2011.11.002,2012,jan,Elsevier {BV},97,NA,19--27,"Estuarine, Coastal and Shelf Science",NA,NA,NA,NA,NA,NA,NA,NA
Livesley_and_Andrusiak_2012,Sanderman_2018_data,synthesis dataset,Misc,Global mangrove soil carbon: dataset and spatial maps,Jonathan Sanderman,NA,10.7910/dvn/ocyuit,https://dataverse.harvard.edu/dataset.xhtml?persistentId=doi:10.7910/DVN/OCYUIT,2017,NA,Harvard Dataverse,NA,NA,NA,NA,NA,NA,NA,NA,NA,NA,NA,NA
Loi_and_Ni_2015,Loi_and_Ni_2015_article,synthesis source,Article,"The effects of land surface elevation on belowground carbon accumulation of mangrove ecosystem at the Ong Trang sand bar, Ngoc Hien district, Ca Mau province","Loi, Tan and Ni, Hang",NA,NA,NA,2015,NA,NA,NA,NA,NA,unknown,NA,NA,NA,NA,NA,NA,NA,NA
Loi_and_Ni_2015,Sanderman_2018_data,synthesis dataset,Misc,Global mangrove soil carbon: dataset and spatial maps,Jonathan Sanderman,NA,10.7910/dvn/ocyuit,https://dataverse.harvard.edu/dataset.xhtml?persistentId=doi:10.7910/DVN/OCYUIT,2017,NA,Harvard Dataverse,NA,NA,NA,NA,NA,NA,NA,NA,NA,NA,NA,NA
Lunstrem_and_Chen_2014,Sanderman_2018_data,synthesis dataset,Misc,Global mangrove soil carbon: dataset and spatial maps,Jonathan Sanderman,NA,10.7910/dvn/ocyuit,https://dataverse.harvard.edu/dataset.xhtml?persistentId=doi:10.7910/DVN/OCYUIT,2017,NA,Harvard Dataverse,NA,NA,NA,NA,NA,NA,NA,NA,NA,NA,NA,NA
MacKenzie_et_al_2016,MacKenzie_et_al_2016_article,synthesis source,Article,Sedimentation and belowground carbon accumulation rates in mangrove forests that differ in diversity and land use: a tale of two mangroves,Richard A. MacKenzie and Patra B. Foulk and J. Val Klump and Kimberly Weckerly and Joko Purbospito and Daniel Murdiyarso and Daniel C. Donato and Vien Ngoc Nam,NA,10.1007/s11273-016-9481-3,https://doi.org/10.1007/s11273-016-9481-3,2016,feb,Springer Science and Business Media {LLC},24,2,245--261,Wetlands Ecology and Management,NA,NA,NA,NA,NA,NA,NA,NA
MacKenzie_et_al_2016,Sanderman_2018_data,synthesis dataset,Misc,Global mangrove soil carbon: dataset and spatial maps,Jonathan Sanderman,NA,10.7910/dvn/ocyuit,https://dataverse.harvard.edu/dataset.xhtml?persistentId=doi:10.7910/DVN/OCYUIT,2017,NA,Harvard Dataverse,NA,NA,NA,NA,NA,NA,NA,NA,NA,NA,NA,NA
Mao_et_al_2011,Mao_et_al_2011_article,synthesis source,Article,Effect of invasion plants (Mikania micrantha HBK) on carbon stock of mangrove ecosystem in Shenzhen bay,"Mao, ZL and Lai, HD and Zhao, ZY and Yang, XM",NA,NA,NA,2011,NA,NA,20,12,NA,Ecol Env,NA,NA,NA,NA,NA,NA,NA,NA
Mao_et_al_2011,Sanderman_2018_data,synthesis dataset,Misc,Global mangrove soil carbon: dataset and spatial maps,Jonathan Sanderman,NA,10.7910/dvn/ocyuit,https://dataverse.harvard.edu/dataset.xhtml?persistentId=doi:10.7910/DVN/OCYUIT,2017,NA,Harvard Dataverse,NA,NA,NA,NA,NA,NA,NA,NA,NA,NA,NA,NA
Mao_et_al_2012,Mao_et_al_2012_article,synthesis source,Article,"Preliminary study on mangrove ecosystem carbon cycle of Kandelia candel in Futian nature reserve, Shenzhen, China. Ecol","Mao, ZL and Yang, XM and Zhao, ZY and Lai, MD and Yang, DY and Wu, CL and Xu, HL},",NA,NA,NA,2012,NA,NA,21,NA,NA,Environ. Sci,NA,NA,NA,NA,NA,NA,NA,NA
Mao_et_al_2012,Sanderman_2018_data,synthesis dataset,Misc,Global mangrove soil carbon: dataset and spatial maps,Jonathan Sanderman,NA,10.7910/dvn/ocyuit,https://dataverse.harvard.edu/dataset.xhtml?persistentId=doi:10.7910/DVN/OCYUIT,2017,NA,Harvard Dataverse,NA,NA,NA,NA,NA,NA,NA,NA,NA,NA,NA,NA
Marchand_et_al_2004,Marchand_et_al_2004_article,synthesis source,Article,Pore-water chemistry in mangrove sediments: relationship with species composition and developmental stages (French Guiana),C Marchand and F Baltzer and E Lallier-VergÃ¨s and P AlbÃ©ric,NA,10.1016/j.margeo.2004.04.015,https://doi.org/10.1016/j.margeo.2004.04.015,2004,aug,Elsevier {BV},208,NA,361--381,Marine Geology,NA,NA,NA,NA,NA,NA,NA,NA
Marchand_et_al_2004,Sanderman_2018_data,synthesis dataset,Misc,Global mangrove soil carbon: dataset and spatial maps,Jonathan Sanderman,NA,10.7910/dvn/ocyuit,https://dataverse.harvard.edu/dataset.xhtml?persistentId=doi:10.7910/DVN/OCYUIT,2017,NA,Harvard Dataverse,NA,NA,NA,NA,NA,NA,NA,NA,NA,NA,NA,NA
"Marchand_et_al_2004,_Marchand_et_al_2003",Sanderman_2018_data,synthesis dataset,Misc,Global mangrove soil carbon: dataset and spatial maps,Jonathan Sanderman,NA,10.7910/dvn/ocyuit,https://dataverse.harvard.edu/dataset.xhtml?persistentId=doi:10.7910/DVN/OCYUIT,2017,NA,Harvard Dataverse,NA,NA,NA,NA,NA,NA,NA,NA,NA,NA,NA,NA
Marchio_et_al_2016,Marchio_et_al_2016_article,synthesis source,Article,Carbon Sequestration and Sedimentation in Mangrove Swamps Influenced by Hydrogeomorphic Conditions and Urbanization in Southwest Florida,Daniel Marchio and Michael Savarese and Brian Bovard and William Mitsch,NA,10.3390/f7060116,https://doi.org/10.3390/f7060116,2016,may,{MDPI} {AG},7,12,116,Forests,NA,NA,NA,NA,NA,NA,NA,NA
Marchio_et_al_2016,Sanderman_2018_data,synthesis dataset,Misc,Global mangrove soil carbon: dataset and spatial maps,Jonathan Sanderman,NA,10.7910/dvn/ocyuit,https://dataverse.harvard.edu/dataset.xhtml?persistentId=doi:10.7910/DVN/OCYUIT,2017,NA,Harvard Dataverse,NA,NA,NA,NA,NA,NA,NA,NA,NA,NA,NA,NA
Middelburg_et_al_1996,Middelburg_et_al_1996_article,synthesis source,Article,"Sediment biogeochemistry in an East African mangrove forest (Gazi bay, Kenya)","Middelburg, Jack J and Nieuwenhuize, Joop and Slim, Frederik J and Ohowa, Boaz",NA,NA,NA,1996,NA,NA,34,3,NA,Biogeochemistry,NA,NA,NA,NA,NA,NA,NA,NA
Middelburg_et_al_1996,Sanderman_2018_data,synthesis dataset,Misc,Global mangrove soil carbon: dataset and spatial maps,Jonathan Sanderman,NA,10.7910/dvn/ocyuit,https://dataverse.harvard.edu/dataset.xhtml?persistentId=doi:10.7910/DVN/OCYUIT,2017,NA,Harvard Dataverse,NA,NA,NA,NA,NA,NA,NA,NA,NA,NA,NA,NA
Murdiyarso_et_al_2015,Murdiyarso_et_al_2015_article,synthesis source,Article,The potential of Indonesian mangrove forests for global climate change mitigation,Daniel Murdiyarso and Joko Purbopuspito and J. Boone Kauffman and Matthew W. Warren and Sigit D. Sasmito and Daniel C. Donato and Solichin Manuri and Haruni Krisnawati and Sartji Taberima and Sofyan Kurnianto,NA,10.1038/nclimate2734,https://doi.org/10.1038/nclimate2734,2015,jul,Springer Science and Business Media {LLC},5,12,1089--1092,Nature Climate Change,NA,NA,NA,NA,NA,NA,NA,NA
Murdiyarso_et_al_2015,Sanderman_2018_data,synthesis dataset,Misc,Global mangrove soil carbon: dataset and spatial maps,Jonathan Sanderman,NA,10.7910/dvn/ocyuit,https://dataverse.harvard.edu/dataset.xhtml?persistentId=doi:10.7910/DVN/OCYUIT,2017,NA,Harvard Dataverse,NA,NA,NA,NA,NA,NA,NA,NA,NA,NA,NA,NA
MX_edaf_puntos,Sanderman_2018_data,synthesis dataset,Misc,Global mangrove soil carbon: dataset and spatial maps,Jonathan Sanderman,NA,10.7910/dvn/ocyuit,https://dataverse.harvard.edu/dataset.xhtml?persistentId=doi:10.7910/DVN/OCYUIT,2017,NA,Harvard Dataverse,NA,NA,NA,NA,NA,NA,NA,NA,NA,NA,NA,NA
MX_perfilv12,Sanderman_2018_data,synthesis dataset,Misc,Global mangrove soil carbon: dataset and spatial maps,Jonathan Sanderman,NA,10.7910/dvn/ocyuit,https://dataverse.harvard.edu/dataset.xhtml?persistentId=doi:10.7910/DVN/OCYUIT,2017,NA,Harvard Dataverse,NA,NA,NA,NA,NA,NA,NA,NA,NA,NA,NA,NA
Naidoo_1980,Naidoo_1980_article,synthesis source,Article,"Mangrove soils of the Beachwood area, Durban","Naidoo, G",NA,NA,NA,1980,NA,NA,NA,NA,NA,Journal of South African Botany,NA,NA,NA,NA,NA,NA,NA,NA
Naidoo_1980,Sanderman_2018_data,synthesis dataset,Misc,Global mangrove soil carbon: dataset and spatial maps,Jonathan Sanderman,NA,10.7910/dvn/ocyuit,https://dataverse.harvard.edu/dataset.xhtml?persistentId=doi:10.7910/DVN/OCYUIT,2017,NA,Harvard Dataverse,NA,NA,NA,NA,NA,NA,NA,NA,NA,NA,NA,NA
Naidoo_and_Raiman_1982,Naidoo_and_Raiman_1982_article,synthesis source,Article,"Some physical and chemical properties of mangrove soils at Sipingo and Mgeni, Natal","Naidoo, G and Raiman, F",NA,NA,NA,1982,NA,NA,NA,NA,NA,South African Journal of Botany,NA,NA,NA,NA,NA,NA,NA,NA
Naidoo_and_Raiman_1982,Sanderman_2018_data,synthesis dataset,Misc,Global mangrove soil carbon: dataset and spatial maps,Jonathan Sanderman,NA,10.7910/dvn/ocyuit,https://dataverse.harvard.edu/dataset.xhtml?persistentId=doi:10.7910/DVN/OCYUIT,2017,NA,Harvard Dataverse,NA,NA,NA,NA,NA,NA,NA,NA,NA,NA,NA,NA
NCSS,Sanderman_2018_data,synthesis dataset,Misc,Global mangrove soil carbon: dataset and spatial maps,Jonathan Sanderman,NA,10.7910/dvn/ocyuit,https://dataverse.harvard.edu/dataset.xhtml?persistentId=doi:10.7910/DVN/OCYUIT,2017,NA,Harvard Dataverse,NA,NA,NA,NA,NA,NA,NA,NA,NA,NA,NA,NA
Nsombo_et_al_2016,Nsombo_et_al_2016_article,synthesis source,Article,"Effects of vegetations degradation on carbon stock, morphological, physical and chemical characteristics of soils within the mangrove forest of the Rio del Rey Estuary: Case study Bamusso (South-West Cameroon)",NSOMBO Eugene NDEMA and BENGONO Fr {eacute d eacute ric AKO} and Jacques ETAME and DIN NDONGO and Gordon AJONINA and BILONG Paul,NA,10.5897/ajest2015.1956,https://doi.org/10.5897/ajest2015.1956,2016,mar,Academic Journals,10,3,58--66,African Journal of Environmental Science and Technology,NA,NA,NA,NA,NA,NA,NA,NA
Nsombo_et_al_2016,Sanderman_2018_data,synthesis dataset,Misc,Global mangrove soil carbon: dataset and spatial maps,Jonathan Sanderman,NA,10.7910/dvn/ocyuit,https://dataverse.harvard.edu/dataset.xhtml?persistentId=doi:10.7910/DVN/OCYUIT,2017,NA,Harvard Dataverse,NA,NA,NA,NA,NA,NA,NA,NA,NA,NA,NA,NA
Okeefe-Suttles_et_al_2021_FL,Okeefe-Suttles_et_al_2021_FL_data,primary dataset,Misc,"Collection, analysis, and age-dating of sediment cores from mangrove and salt marsh ecosystems in Tampa Bay, Florida, 2015",Jennifer A {O'keefe Suttles} and Meagan J Eagle and Adrian C Mann and Kevin D Kroeger,NA,10.5066/P9QB17H2,https://www.sciencebase.gov/catalog/item/60bfb8a4d34e86b938916d6f,2021,NA,U.S. Geological Survey,NA,NA,NA,NA,NA,NA,NA,NA,NA,NA,NA,NA
Osland_et_al_2012,Osland_et_al_2012_article,synthesis source,Article,Ecosystem Development After Mangrove Wetland Creation: Plant{\textendash}Soil Change Across a 20-Year Chronosequence,Michael J. Osland and Amanda C. Spivak and Janet A. Nestlerode and Jeannine M. Lessmann and Alejandro E. Almario and Paul T. Heitmuller and Marc J. Russell and Ken W. Krauss and Federico Alvarez and Darrin D. Dantin and James E. Harvey and Andrew S. From and Nicole Cormier and Camille L. Stagg,NA,10.1007/s10021-012-9551-1,https://doi.org/10.1007/s10021-012-9551-1,2012,may,Springer Science and Business Media {LLC},15,5,848--866,Ecosystems,NA,NA,NA,NA,NA,NA,NA,NA
Osland_et_al_2012,Sanderman_2018_data,synthesis dataset,Misc,Global mangrove soil carbon: dataset and spatial maps,Jonathan Sanderman,NA,10.7910/dvn/ocyuit,https://dataverse.harvard.edu/dataset.xhtml?persistentId=doi:10.7910/DVN/OCYUIT,2017,NA,Harvard Dataverse,NA,NA,NA,NA,NA,NA,NA,NA,NA,NA,NA,NA
Otero_et_al_2009,Otero_et_al_2009_article,synthesis source,Article,"Geochemistry of iron and manganese in soils and sediments of a mangrove system, Island of Pai Matos (Cananeia {\textemdash} {SP}, Brazil)",X.L. Otero and T.O. Ferreira and M.A. Huerta-D\'\iaz and C.S.M. Partiti and V. Souza and P. Vidal-Torrado and F. Mac\'\ias,NA,10.1016/j.geoderma.2008.10.016,https://doi.org/10.1016/j.geoderma.2008.10.016,2009,jan,Elsevier {BV},148,NA,318--335,Geoderma,NA,NA,NA,NA,NA,NA,NA,NA
Otero_et_al_2009,Sanderman_2018_data,synthesis dataset,Misc,Global mangrove soil carbon: dataset and spatial maps,Jonathan Sanderman,NA,10.7910/dvn/ocyuit,https://dataverse.harvard.edu/dataset.xhtml?persistentId=doi:10.7910/DVN/OCYUIT,2017,NA,Harvard Dataverse,NA,NA,NA,NA,NA,NA,NA,NA,NA,NA,NA,NA
Pazi_et_al_2016,Pazi_et_al_2016_article,synthesis source,Article,"Soil pH and carbon at different depth in three zones of mangrove forest in Sarawak, Malaysia","PAZI, AHMAD MUSTAPHA MOHAMAD and GANDASECA, SECA and ROSLI, NORAINI and HANAFI, AHMAD and HAMZAH, ALBERT EMPAWI TINDIT and NYANGON, LAURNA",NA,NA,NA,2016,NA,NA,79,1,NA,The Malaysian Forester,NA,NA,NA,NA,NA,NA,NA,NA
Pazi_et_al_2016,Sanderman_2018_data,synthesis dataset,Misc,Global mangrove soil carbon: dataset and spatial maps,Jonathan Sanderman,NA,10.7910/dvn/ocyuit,https://dataverse.harvard.edu/dataset.xhtml?persistentId=doi:10.7910/DVN/OCYUIT,2017,NA,Harvard Dataverse,NA,NA,NA,NA,NA,NA,NA,NA,NA,NA,NA,NA
Phang_et_al_2016,Sanderman_2018_data,synthesis dataset,Misc,Global mangrove soil carbon: dataset and spatial maps,Jonathan Sanderman,NA,10.7910/dvn/ocyuit,https://dataverse.harvard.edu/dataset.xhtml?persistentId=doi:10.7910/DVN/OCYUIT,2017,NA,Harvard Dataverse,NA,NA,NA,NA,NA,NA,NA,NA,NA,NA,NA,NA
Radabaugh_et_al_2018,Holmquist_et_al_2018_synthesis,synthesis dataset,Misc,Accuracy and Precision of Tidal Wetland Soil Carbon Mapping in the Conterminous United States: Public Soil Carbon Data Release,James R. Holmquist and Lisamarie Windham-Myers and Norman Bliss and Stephen Crooks and James T. Morris and J. Patrick Megonigal and Tiffany Troxler and Donald Weller and John Callaway and Judith Drexler and Matthew C. Ferner and Meagan E. Gonneea and Kevin D. Kroeger and Lisa Schile-Beers and Isa Woo and Kevin Buffington and Brandon M. Boyd and Joshua Breithaupt and Lauren N. Brown and Nicole Dix and Lyndie Hice and Benjamin P. Horton and Glen M. MacDonald and Ryan P. Moyer and William Reay and Timothy Shaw and Erik Smith and Joseph M. Smoak and Christopher Sommerfield and Karen Thorne and David Velinsky and Elizabeth Watson and Kristen {Wilson Grimes} and Mark Woodrey,NA,10.25572/ccrcn/10088/35684,https://repository.si.edu/handle/10088/35684,2018,NA,Smithsonian Research Online,NA,NA,NA,NA,NA,NA,NA,NA,NA,NA,NA,NA
Radabaugh_et_al_2018,Radabaugh_et_al_2018_article,synthesis source,Article,"Coastal Blue Carbon Assessment of Mangroves, Salt Marshes, and Salt Barrens in Tampa Bay, Florida, {USA}",Kara R. Radabaugh and Ryan P. Moyer and Amanda R. Chappel and Christina E. Powell and Ioana Bociu and Barbara C. Clark and Joseph M. Smoak,NA,10.1007/s12237-017-0362-7,https://doi.org/10.1007/s12237-017-0362-7,2017,dec,Springer Science and Business Media {LLC},41,5,1496--1510,Estuaries and Coasts,NA,NA,NA,NA,NA,NA,NA,NA
RadamBrasil,Sanderman_2018_data,synthesis dataset,Misc,Global mangrove soil carbon: dataset and spatial maps,Jonathan Sanderman,NA,10.7910/dvn/ocyuit,https://dataverse.harvard.edu/dataset.xhtml?persistentId=doi:10.7910/DVN/OCYUIT,2017,NA,Harvard Dataverse,NA,NA,NA,NA,NA,NA,NA,NA,NA,NA,NA,NA
Ranjan_2010,Sanderman_2018_data,synthesis dataset,Misc,Global mangrove soil carbon: dataset and spatial maps,Jonathan Sanderman,NA,10.7910/dvn/ocyuit,https://dataverse.harvard.edu/dataset.xhtml?persistentId=doi:10.7910/DVN/OCYUIT,2017,NA,Harvard Dataverse,NA,NA,NA,NA,NA,NA,NA,NA,NA,NA,NA,NA
"S._Gress_Unpublished,_Gress_et_al_2016",Sanderman_2018_data,synthesis dataset,Misc,Global mangrove soil carbon: dataset and spatial maps,Jonathan Sanderman,NA,10.7910/dvn/ocyuit,https://dataverse.harvard.edu/dataset.xhtml?persistentId=doi:10.7910/DVN/OCYUIT,2017,NA,Harvard Dataverse,NA,NA,NA,NA,NA,NA,NA,NA,NA,NA,NA,NA
Saintilan_et_al_2013,Saintilan_et_al_2013_article,synthesis source,Article,Allochthonous and autochthonous contributions to carbon accumulation and carbon store in southeastern Australian coastal wetlands,N. Saintilan and K. Rogers and D. Mazumder and C. Woodroffe,NA,10.1016/j.ecss.2013.05.010,https://doi.org/10.1016/j.ecss.2013.05.010,2013,aug,Elsevier {BV},128,NA,84--92,"Estuarine, Coastal and Shelf Science",NA,NA,NA,NA,NA,NA,NA,NA
Saintilan_et_al_2013,Sanderman_2018_data,synthesis dataset,Misc,Global mangrove soil carbon: dataset and spatial maps,Jonathan Sanderman,NA,10.7910/dvn/ocyuit,https://dataverse.harvard.edu/dataset.xhtml?persistentId=doi:10.7910/DVN/OCYUIT,2017,NA,Harvard Dataverse,NA,NA,NA,NA,NA,NA,NA,NA,NA,NA,NA,NA
Sanders_et_al_2008,Sanders_et_al_2008_article,synthesis source,Article,"Recent Sediment Accumulation in a Mangrove Forest and Its Relevance to Local Sea-Level Rise (Ilha Grande, Brazil)",Christian J. Sanders and Joseph M. Smoak and A. Sathy Naidu and Sambasiva R. Patchineelam,NA,10.2112/07-0872.1,https://doi.org/10.2112/07-0872.1,2008,mar,Coastal Education and Research Foundation,242,NA,533--536,Journal of Coastal Research,NA,NA,NA,NA,NA,NA,NA,NA
Sanders_et_al_2008,Sanderman_2018_data,synthesis dataset,Misc,Global mangrove soil carbon: dataset and spatial maps,Jonathan Sanderman,NA,10.7910/dvn/ocyuit,https://dataverse.harvard.edu/dataset.xhtml?persistentId=doi:10.7910/DVN/OCYUIT,2017,NA,Harvard Dataverse,NA,NA,NA,NA,NA,NA,NA,NA,NA,NA,NA,NA
Sanders_et_al_2010_ECSS,Sanderman_2018_data,synthesis dataset,Misc,Global mangrove soil carbon: dataset and spatial maps,Jonathan Sanderman,NA,10.7910/dvn/ocyuit,https://dataverse.harvard.edu/dataset.xhtml?persistentId=doi:10.7910/DVN/OCYUIT,2017,NA,Harvard Dataverse,NA,NA,NA,NA,NA,NA,NA,NA,NA,NA,NA,NA
Sanders_et_al_2010_EES,Sanderman_2018_data,synthesis dataset,Misc,Global mangrove soil carbon: dataset and spatial maps,Jonathan Sanderman,NA,10.7910/dvn/ocyuit,https://dataverse.harvard.edu/dataset.xhtml?persistentId=doi:10.7910/DVN/OCYUIT,2017,NA,Harvard Dataverse,NA,NA,NA,NA,NA,NA,NA,NA,NA,NA,NA,NA
Sanders_et_al_2012_MER,Sanderman_2018_data,synthesis dataset,Misc,Global mangrove soil carbon: dataset and spatial maps,Jonathan Sanderman,NA,10.7910/dvn/ocyuit,https://dataverse.harvard.edu/dataset.xhtml?persistentId=doi:10.7910/DVN/OCYUIT,2017,NA,Harvard Dataverse,NA,NA,NA,NA,NA,NA,NA,NA,NA,NA,NA,NA
Sanders_et_al_2014,Sanders_et_al_2014_article,synthesis source,Article,"Elevated rates of organic carbon, nitrogen, and phosphorus accumulation in a highly impacted mangrove wetland",Christian J. Sanders and Bradley D. Eyre and Isaac R. Santos and Wilson Machado and Wanilson Luiz-Silva and Joseph M. Smoak and Joshua L. Breithaupt and Michael E. Ketterer and Luciana Sanders and Humberto Marotta and Emmanoel Silva-Filho,NA,10.1002/2014gl059789,https://doi.org/10.1002/2014gl059789,2014,apr,American Geophysical Union ({AGU}),41,7,2475--2480,Geophysical Research Letters,NA,NA,NA,NA,NA,NA,NA,NA
Sanders_et_al_2014,Sanderman_2018_data,synthesis dataset,Misc,Global mangrove soil carbon: dataset and spatial maps,Jonathan Sanderman,NA,10.7910/dvn/ocyuit,https://dataverse.harvard.edu/dataset.xhtml?persistentId=doi:10.7910/DVN/OCYUIT,2017,NA,Harvard Dataverse,NA,NA,NA,NA,NA,NA,NA,NA,NA,NA,NA,NA
Sanders_et_al_2016_JGR_Biogeoscience,Sanderman_2018_data,synthesis dataset,Misc,Global mangrove soil carbon: dataset and spatial maps,Jonathan Sanderman,NA,10.7910/dvn/ocyuit,https://dataverse.harvard.edu/dataset.xhtml?persistentId=doi:10.7910/DVN/OCYUIT,2017,NA,Harvard Dataverse,NA,NA,NA,NA,NA,NA,NA,NA,NA,NA,NA,NA
Schile-Beers_and_Megonigal_2017,Schile-Beers_et_al_2017_data,synthesis dataset,Misc,Abu Dhabi Blue Carbon Demonstration Project,Lisa M. Schile and J. Patrick Megonigal,NA,10.5479/data_serc/10088/31949,https://repository.si.edu/handle/10088/31949,2017,NA,Smithsonian Environmental Research Center,NA,NA,NA,NA,NA,NA,NA,NA,NA,NA,NA,NA
Sitoe_et_al_2014,Sanderman_2018_data,synthesis dataset,Misc,Global mangrove soil carbon: dataset and spatial maps,Jonathan Sanderman,NA,10.7910/dvn/ocyuit,https://dataverse.harvard.edu/dataset.xhtml?persistentId=doi:10.7910/DVN/OCYUIT,2017,NA,Harvard Dataverse,NA,NA,NA,NA,NA,NA,NA,NA,NA,NA,NA,NA
Stringer_et_al_2015,Stringer_et_al_2015_article,synthesis source,Article,"Carbon stocks of mangroves within the Zambezi River Delta, Mozambique",Christina E. Stringer and Carl C. Trettin and Stanley J. Zarnoch and Wenwu Tang,NA,10.1016/j.foreco.2015.06.027,https://doi.org/10.1016/j.foreco.2015.06.027,2015,oct,Elsevier {BV},354,NA,139--148,Forest Ecology and Management,NA,NA,NA,NA,NA,NA,NA,NA
Stringer_et_al_2015,Sanderman_2018_data,synthesis dataset,Misc,Global mangrove soil carbon: dataset and spatial maps,Jonathan Sanderman,NA,10.7910/dvn/ocyuit,https://dataverse.harvard.edu/dataset.xhtml?persistentId=doi:10.7910/DVN/OCYUIT,2017,NA,Harvard Dataverse,NA,NA,NA,NA,NA,NA,NA,NA,NA,NA,NA,NA
Szczygielski_et_al_2015,Sanderman_2018_data,synthesis dataset,Misc,Global mangrove soil carbon: dataset and spatial maps,Jonathan Sanderman,NA,10.7910/dvn/ocyuit,https://dataverse.harvard.edu/dataset.xhtml?persistentId=doi:10.7910/DVN/OCYUIT,2017,NA,Harvard Dataverse,NA,NA,NA,NA,NA,NA,NA,NA,NA,NA,NA,NA
Thompson_et_al_2014,Thompson_et_al_2014_article,synthesis source,Article,"Locally assessing the economic viability of blue carbon: A case study from Panay Island, the Philippines",Benjamin S. Thompson and Colin P. Clubbe and Jurgenne H. Primavera and David Curnick and Heather J. Koldewey,NA,10.1016/j.ecoser.2014.03.004,https://doi.org/10.1016/j.ecoser.2014.03.004,2014,jun,Elsevier {BV},8,NA,128--140,Ecosystem Services,NA,NA,NA,NA,NA,NA,NA,NA
Thompson_et_al_2014,Sanderman_2018_data,synthesis dataset,Misc,Global mangrove soil carbon: dataset and spatial maps,Jonathan Sanderman,NA,10.7910/dvn/ocyuit,https://dataverse.harvard.edu/dataset.xhtml?persistentId=doi:10.7910/DVN/OCYUIT,2017,NA,Harvard Dataverse,NA,NA,NA,NA,NA,NA,NA,NA,NA,NA,NA,NA
Trettin_et_al_2017,Trettin_et_al_2017_data,primary dataset,Misc,"Mangrove carbon stocks in Zambezi River Delta, Mozambique",Carl C. Trettin and Christina E. Stringer and Stanley J. Zarnoch and Wenwu Tang and Zhaohua Dai,NA,10.2737/rds-2017-0053,https://doi.org/10.2737/rds-2017-0053,2017,NA,Forest Service Research Data Archive,NA,NA,NA,NA,NA,NA,NA,NA,NA,NA,NA,NA
Tue_et_al_2014,Tue_et_al_2014_article,synthesis source,Article,"Carbon storage of a tropical mangrove forest in Mui Ca Mau National Park, Vietnam",Nguyen Tai Tue and Luu Viet Dung and Mai Trong Nhuan and Koji Omori,NA,10.1016/j.catena.2014.05.008,https://doi.org/10.1016/j.catena.2014.05.008,2014,oct,Elsevier {BV},121,NA,119--126,{CATENA},NA,NA,NA,NA,NA,NA,NA,NA
Tue_et_al_2014,Sanderman_2018_data,synthesis dataset,Misc,Global mangrove soil carbon: dataset and spatial maps,Jonathan Sanderman,NA,10.7910/dvn/ocyuit,https://dataverse.harvard.edu/dataset.xhtml?persistentId=doi:10.7910/DVN/OCYUIT,2017,NA,Harvard Dataverse,NA,NA,NA,NA,NA,NA,NA,NA,NA,NA,NA,NA
Upkong_1997,Sanderman_2018_data,synthesis dataset,Misc,Global mangrove soil carbon: dataset and spatial maps,Jonathan Sanderman,NA,10.7910/dvn/ocyuit,https://dataverse.harvard.edu/dataset.xhtml?persistentId=doi:10.7910/DVN/OCYUIT,2017,NA,Harvard Dataverse,NA,NA,NA,NA,NA,NA,NA,NA,NA,NA,NA,NA
Vasconcelos_et_al_2014,Vasconcelos_et_al_2014_article,synthesis source,Article,"Soil organic matter and soil acidity in Mangrove areas in the river Paraiba Estuary, Cabedelo, Paraiba, Brazil",Renata Wilma Vasconcelos and Vanessa {dos Santos Gomes} and Diego Rodrigues {de Lucena} and Orione Alvares {da Silva} and Anaonio Cicero Sousa and Alexandre Fonseca D\textquotesingleAndrea,NA,10.18393/ejss.76445,https://doi.org/10.18393/ejss.76445,2014,sep,Eurasian Journal of Soil Sciences,3,3,157,{EURASIAN} {JOURNAL} {OF} {SOIL} {SCIENCE} ({EJSS}),NA,NA,NA,NA,NA,NA,NA,NA
Vasconcelos_et_al_2014,Sanderman_2018_data,synthesis dataset,Misc,Global mangrove soil carbon: dataset and spatial maps,Jonathan Sanderman,NA,10.7910/dvn/ocyuit,https://dataverse.harvard.edu/dataset.xhtml?persistentId=doi:10.7910/DVN/OCYUIT,2017,NA,Harvard Dataverse,NA,NA,NA,NA,NA,NA,NA,NA,NA,NA,NA,NA
Wang_et_al_2013,Wang_et_al_2013_article,synthesis source,Article,"Ecosystem carbon stocks of mangrove forest in Yingluo Bay, Guangdong Province of South China",Gang Wang and Dongsheng Guan and M.R. Peart and Yujuan Chen and Yisheng Peng,NA,10.1016/j.foreco.2013.08.045,https://doi.org/10.1016/j.foreco.2013.08.045,2013,dec,Elsevier {BV},310,NA,539--546,Forest Ecology and Management,NA,NA,NA,NA,NA,NA,NA,NA
Wang_et_al_2013,Sanderman_2018_data,synthesis dataset,Misc,Global mangrove soil carbon: dataset and spatial maps,Jonathan Sanderman,NA,10.7910/dvn/ocyuit,https://dataverse.harvard.edu/dataset.xhtml?persistentId=doi:10.7910/DVN/OCYUIT,2017,NA,Harvard Dataverse,NA,NA,NA,NA,NA,NA,NA,NA,NA,NA,NA,NA
WISE,Sanderman_2018_data,synthesis dataset,Misc,Global mangrove soil carbon: dataset and spatial maps,Jonathan Sanderman,NA,10.7910/dvn/ocyuit,https://dataverse.harvard.edu/dataset.xhtml?persistentId=doi:10.7910/DVN/OCYUIT,2017,NA,Harvard Dataverse,NA,NA,NA,NA,NA,NA,NA,NA,NA,NA,NA,NA
Xia_et_al_2015,Xia_et_al_2015_article,synthesis source,Article,Mangrove development and its response to environmental change in Yingluo Bay ({SW} China) during the last 150years: Stable carbon isotopes and mangrove pollen,Peng Xia and Xianwei Meng and Zhen Li and Aiping Feng and Ping Yin and Yongqiang Zhang,NA,10.1016/j.orggeochem.2015.04.003,https://doi.org/10.1016/j.orggeochem.2015.04.003,2015,aug,Elsevier {BV},85,NA,32--41,Organic Geochemistry,NA,NA,NA,NA,NA,NA,NA,NA
Xia_et_al_2015,Sanderman_2018_data,synthesis dataset,Misc,Global mangrove soil carbon: dataset and spatial maps,Jonathan Sanderman,NA,10.7910/dvn/ocyuit,https://dataverse.harvard.edu/dataset.xhtml?persistentId=doi:10.7910/DVN/OCYUIT,2017,NA,Harvard Dataverse,NA,NA,NA,NA,NA,NA,NA,NA,NA,NA,NA,NA
Yando_et_al_2016,Yando_et_al_2016_article,synthesis source,Article,Salt marsh-mangrove ecotones: using structural gradients to investigate the effects of woody plant encroachment on plant-soil interactions and ecosystem carbon pools,Erik S. Yando and Michael J. Osland and Jonathan M. Willis and Richard H. Day and Ken W. Krauss and Mark W. Hester,NA,10.1111/1365-2745.12571,https://doi.org/10.1111/1365-2745.12571,2016,apr,Wiley,104,4,1020--1031,Journal of Ecology,NA,Rebecca McCulley,NA,NA,NA,NA,NA,NA
Yando_et_al_2016,Sanderman_2018_data,synthesis dataset,Misc,Global mangrove soil carbon: dataset and spatial maps,Jonathan Sanderman,NA,10.7910/dvn/ocyuit,https://dataverse.harvard.edu/dataset.xhtml?persistentId=doi:10.7910/DVN/OCYUIT,2017,NA,Harvard Dataverse,NA,NA,NA,NA,NA,NA,NA,NA,NA,NA,NA,NA
Yang_et_al_2013,Yang_et_al_2013_article,synthesis source,Article,Vegetation and sediment characteristics in an expanding mangrove forest in New Zealand,Juan Yang and Jay Gao and Alan Cheung and Baolin Liu and Luitgard Schwendenmann and Mark John Costello,NA,10.1016/j.ecss.2013.09.017,https://doi.org/10.1016/j.ecss.2013.09.017,2013,dec,Elsevier {BV},134,NA,11--18,"Estuarine, Coastal and Shelf Science",NA,NA,NA,NA,NA,NA,NA,NA
Yang_et_al_2013,Sanderman_2018_data,synthesis dataset,Misc,Global mangrove soil carbon: dataset and spatial maps,Jonathan Sanderman,NA,10.7910/dvn/ocyuit,https://dataverse.harvard.edu/dataset.xhtml?persistentId=doi:10.7910/DVN/OCYUIT,2017,NA,Harvard Dataverse,NA,NA,NA,NA,NA,NA,NA,NA,NA,NA,NA,NA
Yuan_et_al_2014,Sanderman_2018_data,synthesis dataset,Misc,Global mangrove soil carbon: dataset and spatial maps,Jonathan Sanderman,NA,10.7910/dvn/ocyuit,https://dataverse.harvard.edu/dataset.xhtml?persistentId=doi:10.7910/DVN/OCYUIT,2017,NA,Harvard Dataverse,NA,NA,NA,NA,NA,NA,NA,NA,NA,NA,NA,NA
Zhang_and_Lin_1998,Sanderman_2018_data,synthesis dataset,Misc,Global mangrove soil carbon: dataset and spatial maps,Jonathan Sanderman,NA,10.7910/dvn/ocyuit,https://dataverse.harvard.edu/dataset.xhtml?persistentId=doi:10.7910/DVN/OCYUIT,2017,NA,Harvard Dataverse,NA,NA,NA,NA,NA,NA,NA,NA,NA,NA,NA,NA
Zhang_et_al_2012,Zhang_et_al_2012_article,synthesis source,Article,Estimating Change in Sedimentary Organic Carbon Content During Mangrove Restoration in Southern China Using Carbon Isotopic Measurements,Jin-Ping ZHANG and Cheng-De SHEN and Hai REN and Jun WANG and Wei-Dong HAN,NA,10.1016/s1002-0160(11)60191-4,https://doi.org/10.1016/s1002-0160(11)60191-4,2012,feb,Elsevier {BV},22,1,58--66,Pedosphere,NA,NA,NA,NA,NA,NA,NA,NA
Zhang_et_al_2012,Sanderman_2018_data,synthesis dataset,Misc,Global mangrove soil carbon: dataset and spatial maps,Jonathan Sanderman,NA,10.7910/dvn/ocyuit,https://dataverse.harvard.edu/dataset.xhtml?persistentId=doi:10.7910/DVN/OCYUIT,2017,NA,Harvard Dataverse,NA,NA,NA,NA,NA,NA,NA,NA,NA,NA,NA,NA
