study_id,site_id,core_id,species_code,code_type,habitat
Alongi_et_al_2000,Port Headland,M0026,Rhizophora stylosa,Genus species,mangrove
Alongi_et_al_2000,Port Headland,M0027,Avicennia marina,Genus species,mangrove
Alongi_et_al_2000,Dampier,M0028,Rhizophora stylosa,Genus species,mangrove
Alongi_et_al_2000,Dampier,M0029,Avicennia marina,Genus species,mangrove
Alongi_et_al_2000,Cape Range National Park,M0030,Rhizophora stylosa,Genus species,mangrove
Alongi_et_al_2000,Cape Range National Park,M0031,Avicennia marina,Genus species,mangrove
Alongi_et_al_2001,Sawi Bay,M0732,Rhizophora apiculata,Genus species,mangrove
Alongi_et_al_2001,Sawi Bay,M0733,Rhizophora apiculata,Genus species,mangrove
Alongi_et_al_2001,Sawi Bay,M0734,Rhizophora apiculata,Genus species,mangrove
Alongi_et_al_2001,Sawi Bay,M0735,Ceriops decanda,Genus species,mangrove
Alongi_et_al_2004,Matang Mangrove Forest Reserve,M0270,Rhizophora apiculata,Genus species,mangrove
Alongi_et_al_2004,Matang Mangrove Forest Reserve,M0271,Rhizophora apiculata,Genus species,mangrove
Alongi_et_al_2004,Matang Mangrove Forest Reserve,M0272,Rhizophora apiculata,Genus species,mangrove
Alongi_et_al_2005,Fujian Province,M0084,Kandelia candel,Genus species,mangrove
Alongi_et_al_2005,Fujian Province,M0085,Kandelia candel,Genus species,mangrove
Alongi_et_al_2005,Fujian Province,M0086,Kandelia candel,Genus species,mangrove
Andreetta_et_al_2014,Kwale County,M0180,Avicennia marina,Genus species,mangrove
Andreetta_et_al_2014,Kwale County,M0181,Avicennia marina,Genus species,mangrove
Andreetta_et_al_2014,Kwale County,M0182,Avicennia marina,Genus species,mangrove
Andreetta_et_al_2014,Kwale County,M0183,Ceriops tagal,Genus species,mangrove
Andreetta_et_al_2014,Kwale County,M0184,Rhizophora mucronata,Genus species,mangrove
Andreetta_et_al_2016,"Tande, Cacheu",M0636,Avicennia germinans,Genus species,mangrove
Andreetta_et_al_2016,"Tande, Cacheu",M0636,Rhizophora mangle,Genus species,mangrove
Andreetta_et_al_2016,"Blaftchur, Oio",M0637,Avicennia germinans,Genus species,mangrove
Andreetta_et_al_2016,"Blaftchur, Oio",M0637,Rhizophora mangle,Genus species,mangrove
Bhomia_et_al_2016_Honduras,Gulf of Fonseca,M0490,Rhizophora mangle,Genus species,mangrove
Bhomia_et_al_2016_Honduras,Gulf of Fonseca,M0491,Rhizophora mangle,Genus species,mangrove
Bhomia_et_al_2016_Honduras,Gulf of Fonseca,M0491,Laguncularia racemosa,Genus species,mangrove
Bhomia_et_al_2016_Honduras,Gulf of Fonseca,M0492,Avicennia germinans,Genus species,mangrove
Bhomia_et_al_2016_Honduras,Gulf of Fonseca,M0493,Rhizophora mangle,Genus species,mangrove
Bhomia_et_al_2016_Honduras,Tela,M0494,Rhizophora mangle,Genus species,mangrove
Bhomia_et_al_2016_Honduras,Tela,M0494,Laguncularia racemosa,Genus species,mangrove
Bhomia_et_al_2016_Honduras,Tela,M0495,Laguncularia racemosa,Genus species,mangrove
Bhomia_et_al_2016_Honduras,Tela,M0496,Rhizophora mangle,Genus species,mangrove
Bhomia_et_al_2016_Honduras,Tela,M0496,Laguncularia racemosa,Genus species,mangrove
Bhomia_et_al_2016_Honduras,Tela,M0496,Avicennia germinans,Genus species,mangrove
Bhomia_et_al_2016_Honduras,Tela,M0497,Rhizophora mangle,Genus species,mangrove
Bhomia_et_al_2016_Honduras,Tela,M0497,Laguncularia racemosa,Genus species,mangrove
Bhomia_et_al_2016_Honduras,Tela,M0498,Rhizophora mangle,Genus species,mangrove
Bhomia_et_al_2016_Honduras,Tela,M0498,Laguncularia racemosa,Genus species,mangrove
Bhomia_et_al_2016_Honduras,Roatan,M0499,Rhizophora mangle,Genus species,mangrove
Bhomia_et_al_2016_Honduras,Roatan,M0500,Rhizophora mangle,Genus species,mangrove
Bhomia_et_al_2016_Honduras,Guanaja,M0501,Rhizophora mangle,Genus species,mangrove
Bhomia_et_al_2016_Honduras,Guanaja,M0502,Rhizophora mangle,Genus species,mangrove
Bhomia_et_al_2016_Honduras,Utila,M0503,Rhizophora mangle,Genus species,mangrove
Bhomia_et_al_2016_Honduras,Utila,M0504,Avicennia germinans,Genus species,mangrove
Bhomia_et_al_2016_Honduras,Utila,M0505,Avicennia germinans,Genus species,mangrove
Bhomia_et_al_2016_Honduras,Utila,M0506,Rhizophora mangle,Genus species,mangrove
Bhomia_et_al_2016_Honduras,Utila,M0507,Rhizophora mangle,Genus species,mangrove
Bhomia_et_al_2016_India,Odisha,M0436,Kandelia candel,Genus species,mangrove
Blue_Ventures_Unpublished,Mahajamba,M1025,Avicennia marina,Genus species,mangrove
Blue_Ventures_Unpublished,Mahajamba,M1026,Avicennia marina,Genus species,mangrove
Blue_Ventures_Unpublished,Mahajamba,M1027,Avicennia marina,Genus species,mangrove
Blue_Ventures_Unpublished,Mahajamba,M1028,Avicennia marina,Genus species,mangrove
Blue_Ventures_Unpublished,Mahajamba,M1029,Avicennia marina,Genus species,mangrove
Blue_Ventures_Unpublished,Mahajamba,M1030,Avicennia marina,Genus species,mangrove
Blue_Ventures_Unpublished,Mahajamba,M1031,Avicennia marina,Genus species,mangrove
Blue_Ventures_Unpublished,Mahajamba,M1032,Avicennia marina,Genus species,mangrove
Blue_Ventures_Unpublished,Mahajamba,M1033,Avicennia marina,Genus species,mangrove
Blue_Ventures_Unpublished,Mahajamba,M1036,Avicennia marina,Genus species,mangrove
Blue_Ventures_Unpublished,Mahajamba,M1037,Avicennia marina,Genus species,mangrove
Blue_Ventures_Unpublished,Mahajamba,M1038,Avicennia marina,Genus species,mangrove
Blue_Ventures_Unpublished,Mahajamba,M1039,Avicennia marina,Genus species,mangrove
Blue_Ventures_Unpublished,Mahajamba,M1040,Avicennia marina,Genus species,mangrove
Blue_Ventures_Unpublished,Mahajamba,M1041,Avicennia marina,Genus species,mangrove
Blue_Ventures_Unpublished,Mahajamba,M1042,Avicennia marina,Genus species,mangrove
Blue_Ventures_Unpublished,Mahajamba,M1043,Avicennia marina,Genus species,mangrove
Blue_Ventures_Unpublished,Mahajamba,M1044,Avicennia marina,Genus species,mangrove
Blue_Ventures_Unpublished,Mahajamba,M1045,Avicennia marina,Genus species,mangrove
Blue_Ventures_Unpublished,Mahajamba,M1046,Avicennia marina,Genus species,mangrove
Blue_Ventures_Unpublished,Mahajamba,M1047,Sonneratia alba,Genus species,mangrove
Blue_Ventures_Unpublished,Mahajamba,M1048,Avicennia marina,Genus species,mangrove
Blue_Ventures_Unpublished,Mahajamba,M1049,Avicennia marina,Genus species,mangrove
Blue_Ventures_Unpublished,Mahajamba,M1050,Avicennia marina,Genus species,mangrove
Blue_Ventures_Unpublished,Mahajamba,M1051,Ceriops tagal,Genus species,mangrove
Blue_Ventures_Unpublished,Mahajamba,M1052,Rhizophora mucronata,Genus species,mangrove
Blue_Ventures_Unpublished,Mahajamba,M1053,Rhizophora mucronata,Genus species,mangrove
Blue_Ventures_Unpublished,Mahajamba,M1057,Xylocarpus granatum,Genus species,mangrove
Blue_Ventures_Unpublished,Mahajamba,M1059,Rhizophora mucronata,Genus species,mangrove
Blue_Ventures_Unpublished,Mahajamba,M1061,Avicennia marina,Genus species,mangrove
Blue_Ventures_Unpublished,Mahajamba,M1062,Avicennia marina,Genus species,mangrove
Blue_Ventures_Unpublished,Mahajamba,M1063,Avicennia marina,Genus species,mangrove
Blue_Ventures_Unpublished,Mahajamba,M1064,Avicennia marina,Genus species,mangrove
Blue_Ventures_Unpublished,Mahajamba,M1065,Avicennia marina,Genus species,mangrove
Blue_Ventures_Unpublished,Mahajamba,M1066,Avicennia marina,Genus species,mangrove
Blue_Ventures_Unpublished,Mahajamba,M1068,Avicennia marina,Genus species,mangrove
Blue_Ventures_Unpublished,Mahajamba,M1070,Rhizophora mucronata,Genus species,mangrove
Blue_Ventures_Unpublished,Mahajamba,M1071,Rhizophora mucronata,Genus species,mangrove
Blue_Ventures_Unpublished,Mahajamba,M1072,Rhizophora mucronata,Genus species,mangrove
Blue_Ventures_Unpublished,Mahajamba,M1073,Rhizophora mucronata,Genus species,mangrove
Blue_Ventures_Unpublished,Mahajamba,M1074,Ceriops tagal,Genus species,mangrove
Breithaupt_et_al_2014,WSC-5,SH3-1,Avicennia germinans,Genus species,mangrove
Breithaupt_et_al_2014,WSC-5,SH3-3,Avicennia germinans,Genus species,mangrove
Breithaupt_et_al_2014,WSC-5,SH3-5,Avicennia germinans,Genus species,mangrove
Breithaupt_et_al_2014,WSC-5,SH3-7,Avicennia germinans,Genus species,mangrove
Breithaupt_et_al_2014,WSC-5,SH3-8,Avicennia germinans,Genus species,mangrove
Breithaupt_et_al_2014,WSC-5,SH3-9,Avicennia germinans,Genus species,mangrove
Breithaupt_et_al_2014,WSC-5,SH3-1,Rhizophora mangle,Genus species,mangrove
Breithaupt_et_al_2014,WSC-5,SH3-3,Rhizophora mangle,Genus species,mangrove
Breithaupt_et_al_2014,WSC-5,SH3-5,Rhizophora mangle,Genus species,mangrove
Breithaupt_et_al_2014,WSC-5,SH3-7,Rhizophora mangle,Genus species,mangrove
Breithaupt_et_al_2014,WSC-5,SH3-8,Rhizophora mangle,Genus species,mangrove
Breithaupt_et_al_2014,WSC-5,SH3-9,Rhizophora mangle,Genus species,mangrove
Breithaupt_et_al_2014,WSC-5,SH3-1,Laguncularia racemosa,Genus species,mangrove
Breithaupt_et_al_2014,WSC-5,SH3-3,Laguncularia racemosa,Genus species,mangrove
Breithaupt_et_al_2014,WSC-5,SH3-5,Laguncularia racemosa,Genus species,mangrove
Breithaupt_et_al_2014,WSC-5,SH3-7,Laguncularia racemosa,Genus species,mangrove
Breithaupt_et_al_2014,WSC-5,SH3-8,Laguncularia racemosa,Genus species,mangrove
Breithaupt_et_al_2014,WSC-5,SH3-9,Laguncularia racemosa,Genus species,mangrove
Breithaupt_et_al_2017,NA,TTI1,Avicennia germinans,Genus species,mangrove
Breithaupt_et_al_2017,NA,TTI2,Avicennia germinans,Genus species,mangrove
Breithaupt_et_al_2017,NA,TTI3,Avicennia germinans,Genus species,mangrove
Breithaupt_et_al_2017,NA,TTI4,Avicennia germinans,Genus species,mangrove
Breithaupt_et_al_2017,NA,TTI5,Avicennia germinans,Genus species,mangrove
Breithaupt_et_al_2017,NA,WSC11,Rhizophora mangle,Genus species,mangrove
Breithaupt_et_al_2017,NA,WSC12,Rhizophora mangle,Genus species,mangrove
Breithaupt_et_al_2017,NA,WSC13_2,Rhizophora mangle,Genus species,mangrove
Breithaupt_et_al_2017,NA,WSC07,Rhizophora mangle,Genus species,mangrove
Breithaupt_et_al_2017,NA,WSC08A,Rhizophora mangle,Genus species,mangrove
Breithaupt_et_al_2017,NA,WSC08B,Rhizophora mangle,Genus species,mangrove
Breithaupt_et_al_2017,NA,WSC09,Rhizophora mangle,Genus species,mangrove
Breithaupt_et_al_2017,NA,WSC10_1,Rhizophora mangle,Genus species,mangrove
Breithaupt_et_al_2017,NA,WSC01,Rhizophora mangle,Genus species,mangrove
Breithaupt_et_al_2017,NA,WSC02A,Rhizophora mangle,Genus species,mangrove
Breithaupt_et_al_2017,NA,WSC02B,Rhizophora mangle,Genus species,mangrove
Breithaupt_et_al_2017,NA,WSC03,Rhizophora mangle,Genus species,mangrove
Breithaupt_et_al_2017,NA,WSC04_1,Rhizophora mangle,Genus species,mangrove
Breithaupt_et_al_2017,NA,WSC05,Rhizophora mangle,Genus species,mangrove
Breithaupt_et_al_2017,NA,WSC06_2,Rhizophora mangle,Genus species,mangrove
Breithaupt_et_al_2020,NMg,UFU1A,Avicennia germinans,Genus species,mangrove
Breithaupt_et_al_2020,NMg,UFU1A,Rhizophora mangle,Genus species,mangrove
Breithaupt_et_al_2020,NMg,UFU1A,Laguncularia racemosa,Genus species,mangrove
Breithaupt_et_al_2020,NMg,CCB2,Avicennia germinans,Genus species,mangrove
Breithaupt_et_al_2020,NMg,CCB2,Rhizophora mangle,Genus species,mangrove
Breithaupt_et_al_2020,NMg,CCB2,Laguncularia racemosa,Genus species,mangrove
Breithaupt_et_al_2020,NMg,BWB1A,Avicennia germinans,Genus species,mangrove
Breithaupt_et_al_2020,NMg,BWB1A,Rhizophora mangle,Genus species,mangrove
Breithaupt_et_al_2020,SMg,WSC2A,Conocarpus erectus,Genus species,mangrove
Breithaupt_et_al_2020,SMg,WSC2A,Rhizophora mangle,Genus species,mangrove
Breithaupt_et_al_2020,SMg,WSC2A,Laguncularia racemosa,Genus species,mangrove
Breithaupt_et_al_2020,SMg,WSC8A,Rhizophora mangle,Genus species,mangrove
Breithaupt_et_al_2020,SMg,WSC8A,Laguncularia racemosa,Genus species,mangrove
Breithaupt_et_al_2020,SMg,WSC8A,Avicennia germinans,Genus species,mangrove
Breithaupt_et_al_2020,SMs,WSC2B,Cladium mariscus,Genus species,marsh
Breithaupt_et_al_2020,SMs,WSC2B,Juncus roemerianus,Genus species,marsh
Breithaupt_et_al_2020,SMs,WSC8B,Cladium mariscus,Genus species,marsh
C._Sanders_Submitted_to_ECSS,Whangamata Harbor,M1127,Avicennia marina,Genus species,mangrove
C._Sanders_Submitted_to_ECSS,Whangamata Harbor,M1128,Avicennia marina,Genus species,mangrove
C._Sanders_Unpublished,"Evans Head, NSW",M1075,Avicennia marina,Genus species,mangrove
C._Sanders_Unpublished,"Ballina, NSW",M1076,Avicennia marina,Genus species,mangrove
C._Sanders_Unpublished,"Wallis Lake, NSW",M1077,Avicennia marina,Genus species,mangrove
C._Sanders_Unpublished,"Botany Bay, NSW",M1078,Avicennia marina,Genus species,mangrove
C._Sanders_Unpublished,"Botany Bay, NSW",M1079,Avicennia marina,Genus species,mangrove
C._Sanders_Unpublished,"Botany Bay, NSW",M1080,Avicennia marina,Genus species,mangrove
C._Sanders_Unpublished,"Moreton Bay, QLD",M1109,Avicennia marina,Genus species,mangrove
C._Sanders_Unpublished,"Moreton Bay, QLD",M1109,Aegiceras corniculatum,Genus species,mangrove
C._Sanders_Unpublished,"Moreton Bay, QLD",M1109,Bruguiera gymnorrhiza,Genus species,mangrove
C._Sanders_Unpublished,"Moreton Bay, QLD",M1109,Rhizophora stylosa,Genus species,mangrove
C._Sanders_Unpublished,"Moreton Bay, QLD",M1110,Avicennia marina,Genus species,mangrove
C._Sanders_Unpublished,"Moreton Bay, QLD",M1110,Aegiceras corniculatum,Genus species,mangrove
C._Sanders_Unpublished,"Moreton Bay, QLD",M1110,Bruguiera gymnorrhiza,Genus species,mangrove
C._Sanders_Unpublished,"Moreton Bay, QLD",M1110,Rhizophora stylosa,Genus species,mangrove
C._Sanders_Unpublished,"Moreton Bay, QLD",M1111,Avicennia marina,Genus species,mangrove
C._Sanders_Unpublished,"Moreton Bay, QLD",M1111,Aegiceras corniculatum,Genus species,mangrove
C._Sanders_Unpublished,"Moreton Bay, QLD",M1111,Bruguiera gymnorrhiza,Genus species,mangrove
C._Sanders_Unpublished,"Moreton Bay, QLD",M1111,Rhizophora stylosa,Genus species,mangrove
C._Sanders_Unpublished,"Moreton Bay, QLD",M1112,Avicennia marina,Genus species,mangrove
C._Sanders_Unpublished,"Moreton Bay, QLD",M1112,Aegiceras corniculatum,Genus species,mangrove
C._Sanders_Unpublished,"Moreton Bay, QLD",M1112,Bruguiera gymnorrhiza,Genus species,mangrove
C._Sanders_Unpublished,"Moreton Bay, QLD",M1112,Rhizophora stylosa,Genus species,mangrove
C._Sanders_Unpublished,"Moreton Bay, QLD",M1113,Avicennia marina,Genus species,mangrove
C._Sanders_Unpublished,"Moreton Bay, QLD",M1113,Aegiceras corniculatum,Genus species,mangrove
C._Sanders_Unpublished,"Moreton Bay, QLD",M1113,Bruguiera gymnorrhiza,Genus species,mangrove
C._Sanders_Unpublished,"Moreton Bay, QLD",M1113,Rhizophora stylosa,Genus species,mangrove
C._Sanders_Unpublished,"Moreton Bay, QLD",M1114,Avicennia marina,Genus species,mangrove
C._Sanders_Unpublished,"Moreton Bay, QLD",M1114,Aegiceras corniculatum,Genus species,mangrove
C._Sanders_Unpublished,"Moreton Bay, QLD",M1114,Bruguiera gymnorrhiza,Genus species,mangrove
C._Sanders_Unpublished,"Moreton Bay, QLD",M1114,Rhizophora stylosa,Genus species,mangrove
C._Sanders_Unpublished,"Moreton Bay, QLD",M1115,Avicennia marina,Genus species,mangrove
C._Sanders_Unpublished,"Moreton Bay, QLD",M1115,Aegiceras corniculatum,Genus species,mangrove
C._Sanders_Unpublished,"Moreton Bay, QLD",M1115,Bruguiera gymnorrhiza,Genus species,mangrove
C._Sanders_Unpublished,"Moreton Bay, QLD",M1115,Rhizophora stylosa,Genus species,mangrove
C._Sanders_Unpublished,"Moreton Bay, QLD",M1116,Avicennia marina,Genus species,mangrove
C._Sanders_Unpublished,"Moreton Bay, QLD",M1116,Aegiceras corniculatum,Genus species,mangrove
C._Sanders_Unpublished,"Moreton Bay, QLD",M1116,Bruguiera gymnorrhiza,Genus species,mangrove
C._Sanders_Unpublished,"Moreton Bay, QLD",M1116,Rhizophora stylosa,Genus species,mangrove
C._Sanders_Unpublished,"Moreton Bay, QLD",M1117,Avicennia marina,Genus species,mangrove
C._Sanders_Unpublished,"Moreton Bay, QLD",M1117,Aegiceras corniculatum,Genus species,mangrove
C._Sanders_Unpublished,"Moreton Bay, QLD",M1117,Bruguiera gymnorrhiza,Genus species,mangrove
C._Sanders_Unpublished,"Moreton Bay, QLD",M1117,Rhizophora stylosa,Genus species,mangrove
C._Sanders_Unpublished,"Moreton Bay, QLD",M1118,Avicennia marina,Genus species,mangrove
C._Sanders_Unpublished,"Moreton Bay, QLD",M1118,Aegiceras corniculatum,Genus species,mangrove
C._Sanders_Unpublished,"Moreton Bay, QLD",M1118,Bruguiera gymnorrhiza,Genus species,mangrove
C._Sanders_Unpublished,"Moreton Bay, QLD",M1118,Rhizophora stylosa,Genus species,mangrove
C._Sanders_Unpublished,"Moreton Bay, QLD",M1119,Avicennia marina,Genus species,mangrove
C._Sanders_Unpublished,"Moreton Bay, QLD",M1119,Aegiceras corniculatum,Genus species,mangrove
C._Sanders_Unpublished,"Moreton Bay, QLD",M1119,Bruguiera gymnorrhiza,Genus species,mangrove
C._Sanders_Unpublished,"Moreton Bay, QLD",M1119,Rhizophora stylosa,Genus species,mangrove
C._Sanders_Unpublished,"Moreton Bay, QLD",M1120,Avicennia marina,Genus species,mangrove
C._Sanders_Unpublished,"Moreton Bay, QLD",M1120,Aegiceras corniculatum,Genus species,mangrove
C._Sanders_Unpublished,"Moreton Bay, QLD",M1120,Bruguiera gymnorrhiza,Genus species,mangrove
C._Sanders_Unpublished,"Moreton Bay, QLD",M1120,Rhizophora stylosa,Genus species,mangrove
C._Sanders_Unpublished,"Coffs Harbour, NSW",M1121,Avicennia marina,Genus species,mangrove
C._Sanders_Unpublished,"Coffs Harbour, NSW",M1122,Avicennia marina,Genus species,mangrove
C._Sanders_Unpublished,"Coffs Harbour, NSW",M1123,Avicennia marina,Genus species,mangrove
C._Sanders_Unpublished,"Coffs Harbour, NSW",M1124,Avicennia marina,Genus species,mangrove
C._Sanders_Unpublished,"Coffs Harbour, NSW",M1125,Avicennia marina,Genus species,mangrove
C._Sanders_Unpublished,"Coffs Harbour, NSW",M1126,Avicennia marina,Genus species,mangrove
Cifuentes_Unpublished,Térraba-Sierpe,M0736,Rhizophora mangle,Genus species,mangrove
Cifuentes_Unpublished,Térraba-Sierpe,M0737,Rhizophora mangle,Genus species,mangrove
Cifuentes_Unpublished,Térraba-Sierpe,M0738,Pelliciera rhizophorae,Genus species,mangrove
Cifuentes_Unpublished,Térraba-Sierpe,M0739,Rhizophora mangle,Genus species,mangrove
Cifuentes_Unpublished,Térraba-Sierpe,M0740,Rhizophora mangle,Genus species,mangrove
Cifuentes_Unpublished,Térraba-Sierpe,M0741,Pelliciera rhizophorae,Genus species,mangrove
Cifuentes_Unpublished,Térraba-Sierpe,M0742,Pelliciera rhizophorae,Genus species,mangrove
Cifuentes_Unpublished,Térraba-Sierpe,M0743,Pelliciera rhizophorae,Genus species,mangrove
Cifuentes_Unpublished,Térraba-Sierpe,M0744,Pelliciera rhizophorae,Genus species,mangrove
Cifuentes_Unpublished,Térraba-Sierpe,M0745,Rhizophora mangle,Genus species,mangrove
Cifuentes_Unpublished,Térraba-Sierpe,M0746,Pelliciera rhizophorae,Genus species,mangrove
Cifuentes_Unpublished,Térraba-Sierpe,M0747,Rhizophora mangle,Genus species,mangrove
Cifuentes_Unpublished,Térraba-Sierpe,M0748,Pelliciera rhizophorae,Genus species,mangrove
Cifuentes_Unpublished,Térraba-Sierpe,M0749,Rhizophora mangle,Genus species,mangrove
Cifuentes_Unpublished,Térraba-Sierpe,M0750,Rhizophora mangle,Genus species,mangrove
Cifuentes_Unpublished,Térraba-Sierpe,M0751,Rhizophora racemosa,Genus species,mangrove
Cifuentes_Unpublished,Térraba-Sierpe,M0752,Pelliciera rhizophorae,Genus species,mangrove
Cifuentes_Unpublished,Térraba-Sierpe,M0753,Pelliciera rhizophorae,Genus species,mangrove
Cifuentes_Unpublished,Térraba-Sierpe,M0754,Pelliciera rhizophorae,Genus species,mangrove
Cifuentes_Unpublished,Térraba-Sierpe,M0755,Pelliciera rhizophorae,Genus species,mangrove
Cifuentes_Unpublished,Térraba-Sierpe,M0756,Pelliciera rhizophorae,Genus species,mangrove
Cifuentes_Unpublished,Térraba-Sierpe,M0757,Pelliciera rhizophorae,Genus species,mangrove
Cifuentes_Unpublished,Térraba-Sierpe,M0758,Pelliciera rhizophorae,Genus species,mangrove
Cifuentes_Unpublished,Térraba-Sierpe,M0759,Pelliciera rhizophorae,Genus species,mangrove
Cifuentes_Unpublished,Térraba-Sierpe,M0760,Pelliciera rhizophorae,Genus species,mangrove
Cifuentes_Unpublished,Térraba-Sierpe,M0761,Rhizophora mangle,Genus species,mangrove
Cifuentes_Unpublished,Térraba-Sierpe,M0762,Pelliciera rhizophorae,Genus species,mangrove
Cifuentes_Unpublished,Térraba-Sierpe,M0763,Rhizophora mangle,Genus species,mangrove
Cifuentes_Unpublished,Gulf of Nicoya,M0764,Pelliciera rhizophorae,Genus species,mangrove
Cifuentes_Unpublished,Gulf of Nicoya,M0765,Avicennia germinans,Genus species,mangrove
Cifuentes_Unpublished,Gulf of Nicoya,M0766,Rhizophora mangle,Genus species,mangrove
Cifuentes_Unpublished,Gulf of Nicoya,M0767,Rhizophora mangle,Genus species,mangrove
Cifuentes_Unpublished,Gulf of Nicoya,M0768,Rhizophora mangle,Genus species,mangrove
Cifuentes_Unpublished,Gulf of Nicoya,M0769,Pelliciera rhizophorae,Genus species,mangrove
Cifuentes_Unpublished,Gulf of Nicoya,M0770,Rhizophora mangle,Genus species,mangrove
Cifuentes_Unpublished,Gulf of Nicoya,M0771,Rhizophora mangle,Genus species,mangrove
Cifuentes_Unpublished,Gulf of Nicoya,M0772,Rhizophora mangle,Genus species,mangrove
Cifuentes_Unpublished,Gulf of Nicoya,M0773,Rhizophora mangle,Genus species,mangrove
Cifuentes_Unpublished,Gulf of Nicoya,M0774,Rhizophora mangle,Genus species,mangrove
Cifuentes_Unpublished,Gulf of Nicoya,M0775,Rhizophora mangle,Genus species,mangrove
Cifuentes_Unpublished,Gulf of Nicoya,M0776,Laguncularia racemosa,Genus species,mangrove
Cifuentes_Unpublished,Gulf of Nicoya,M0777,Rhizophora mangle,Genus species,mangrove
Cifuentes_Unpublished,Gulf of Chiriquí,M0778,Rhizophora mangle,Genus species,mangrove
Cifuentes_Unpublished,Gulf of Chiriquí,M0779,Rhizophora mangle,Genus species,mangrove
Cifuentes_Unpublished,Gulf of Chiriquí,M0780,Rhizophora mangle,Genus species,mangrove
Cifuentes_Unpublished,Gulf of Chiriquí,M0781,Rhizophora mangle,Genus species,mangrove
Cifuentes_Unpublished,Gulf of Chiriquí,M0782,Rhizophora mangle,Genus species,mangrove
Cifuentes_Unpublished,Gulf of Chiriquí,M0783,Rhizophora mangle,Genus species,mangrove
Cifuentes_Unpublished,Gulf of Chiriquí,M0784,Rhizophora mangle,Genus species,mangrove
Cifuentes_Unpublished,Gulf of Chiriquí,M0785,Rhizophora mangle,Genus species,mangrove
Cifuentes_Unpublished,Gulf of Chiriquí,M0786,Rhizophora mangle,Genus species,mangrove
Cifuentes_Unpublished,Gulf of Chiriquí,M0787,Rhizophora mangle,Genus species,mangrove
Cifuentes_Unpublished,Gulf of Chiriquí,M0788,Rhizophora mangle,Genus species,mangrove
Cifuentes_Unpublished,Gulf of Chiriquí,M0789,Rhizophora mangle,Genus species,mangrove
Cifuentes_Unpublished,Bahía de Jiquilisco,M0790,Rhizophora mangle,Genus species,mangrove
Cifuentes_Unpublished,Bahía de Jiquilisco,M0791,Rhizophora mangle,Genus species,mangrove
Cifuentes_Unpublished,Bahía de Jiquilisco,M0792,Rhizophora racemosa,Genus species,mangrove
Cifuentes_Unpublished,Bahía de Jiquilisco,M0793,Rhizophora racemosa,Genus species,mangrove
Cifuentes_Unpublished,Bahía de Jiquilisco,M0794,Rhizophora racemosa,Genus species,mangrove
Cifuentes_Unpublished,Bahía de Jiquilisco,M0795,Rhizophora mangle,Genus species,mangrove
Cifuentes_Unpublished,Bahía de Jiquilisco,M0796,Rhizophora mangle,Genus species,mangrove
Cifuentes_Unpublished,Bahía de Jiquilisco,M0797,Rhizophora mangle,Genus species,mangrove
Cifuentes_Unpublished,Bahía de Jiquilisco,M0798,Rhizophora mangle,Genus species,mangrove
Cifuentes_Unpublished,Bahía de Jiquilisco,M0799,Rhizophora mangle,Genus species,mangrove
Cifuentes_Unpublished,Bahía de Jiquilisco,M0800,Rhizophora mangle,Genus species,mangrove
Cifuentes_Unpublished,Bahía de Jiquilisco,M0801,Rhizophora mangle,Genus species,mangrove
Cifuentes_Unpublished,Bahía de Jiquilisco,M0802,Rhizophora mangle,Genus species,mangrove
Cifuentes_Unpublished,Bahía de Jiquilisco,M0803,Rhizophora mangle,Genus species,mangrove
Cifuentes_Unpublished,Bahía de Jiquilisco,M0804,Rhizophora mangle,Genus species,mangrove
Cifuentes_Unpublished,Estero de Jaltepeque,M0805,Avicennia germinans,Genus species,mangrove
Cifuentes_Unpublished,Estero de Jaltepeque,M0806,Avicennia germinans,Genus species,mangrove
Cifuentes_Unpublished,Estero de Jaltepeque,M0807,Rhizophora racemosa,Genus species,mangrove
Cifuentes_Unpublished,Estero de Jaltepeque,M0808,Rhizophora racemosa,Genus species,mangrove
Cifuentes_Unpublished,Estero de Jaltepeque,M0809,Avicennia germinans,Genus species,mangrove
Cifuentes_Unpublished,Estero de Jaltepeque,M0810,Laguncularia racemosa,Genus species,mangrove
Cifuentes_Unpublished,Estero de Jaltepeque,M0811,Laguncularia racemosa,Genus species,mangrove
Cifuentes_Unpublished,Estero de Jaltepeque,M0812,Laguncularia racemosa,Genus species,mangrove
Cifuentes_Unpublished,Estero de Jaltepeque,M0813,Laguncularia racemosa,Genus species,mangrove
Cifuentes_Unpublished,Estero de Jaltepeque,M0814,Rhizophora mangle,Genus species,mangrove
Cifuentes_Unpublished,Estero de Jaltepeque,M0815,Rhizophora mangle,Genus species,mangrove
Cifuentes_Unpublished,Estero de Jaltepeque,M0816,Laguncularia racemosa,Genus species,mangrove
Cifuentes_Unpublished,Estero de Jaltepeque,M0817,Laguncularia racemosa,Genus species,mangrove
Doughty_et_al_2016,KCSC-20C,MC-06B,Avicennia germinans,Genus species,mangrove
Doughty_et_al_2016,KCSC-20C,MC-06C,Avicennia germinans,Genus species,mangrove
Doughty_et_al_2016,KCSC-20C,MC-06A,Avicennia germinans,Genus species,mangrove
Doughty_et_al_2016,KCSC-20C,MC-08C,Avicennia germinans,Genus species,mangrove
Doughty_et_al_2016,KCSC-20C,MC-23A,Avicennia germinans,Genus species,mangrove
Doughty_et_al_2016,KCSC-20C,MC-23B,Avicennia germinans,Genus species,mangrove
Doughty_et_al_2016,KCSC-20C,MC-23,Avicennia germinans,Genus species,mangrove
Doughty_et_al_2016,KCSC-20C,MC-08A,Avicennia germinans,Genus species,mangrove
Doughty_et_al_2016,KCSC-20C,MC-08B,Avicennia germinans,Genus species,mangrove
Doughty_et_al_2016,KCSC-20C,MC-04B,Batis maritima,Genus species,marsh
Doughty_et_al_2016,KCSC-20C,MC-04A,Batis maritima,Genus species,marsh
Doughty_et_al_2016,KCSC-20C,MC-04C,Batis maritima,Genus species,marsh
Doughty_et_al_2016,KCSC-20C,MC-01A,Distichlis spicata,Genus species,marsh
Doughty_et_al_2016,KCSC-20C,MC-01B,Distichlis spicata,Genus species,marsh
Doughty_et_al_2016,KCSC-20C,MC-01C,Distichlis spicata,Genus species,marsh
Doughty_et_al_2016,KCSC-20C,MC-05C,Laguncularia racemosa,Genus species,mangrove
Doughty_et_al_2016,KCSC-20C,MC-07C,Laguncularia racemosa,Genus species,mangrove
Doughty_et_al_2016,KCSC-20C,MC-05A,Laguncularia racemosa,Genus species,mangrove
Doughty_et_al_2016,KCSC-20C,MC-07A,Laguncularia racemosa,Genus species,mangrove
Doughty_et_al_2016,KCSC-20C,MC-07B,Laguncularia racemosa,Genus species,mangrove
Doughty_et_al_2016,KCSC-20C,MC-05B,Laguncularia racemosa,Genus species,mangrove
Doughty_et_al_2016,KCSC-20C,MC-09A,Rhizophora mangle,Genus species,mangrove
Doughty_et_al_2016,KCSC-20C,MC-09B,Rhizophora mangle,Genus species,mangrove
Doughty_et_al_2016,KCSC-20C,MC-03B,Salicornia bigelovii,Genus species,marsh
Doughty_et_al_2016,KCSC-20C,MC-03A,Salicornia bigelovii,Genus species,marsh
Doughty_et_al_2016,KCSC-20C,MC-03C,Salicornia bigelovii,Genus species,marsh
Doughty_et_al_2016,KCSC-20C,MC-02A,Spartina alterniflora,Genus species,marsh
Doughty_et_al_2016,KCSC-20C,MC-02C,Spartina alterniflora,Genus species,marsh
Doughty_et_al_2016,KCSC-20C,MC-02B,Spartina alterniflora,Genus species,marsh
Doughty_et_al_2016,MIPineIsland,MC-22B,Avicennia germinans,Genus species,mangrove
Doughty_et_al_2016,MIPineIsland,MC-22C,Avicennia germinans,Genus species,mangrove
Doughty_et_al_2016,MIPineIsland,MC-22A,Avicennia germinans,Genus species,mangrove
Doughty_et_al_2016,MIPineIsland,MC-21B,Batis maritima,Genus species,marsh
Doughty_et_al_2016,MIPineIsland,MC-20A,Distichlis spicata,Genus species,marsh
Doughty_et_al_2016,MIPineIsland,MC-20B,Distichlis spicata,Genus species,marsh
Doughty_et_al_2016,MIPineIsland,MC-20C,Distichlis spicata,Genus species,marsh
Doughty_et_al_2016,MIPineIsland,MC-19B,Laguncularia racemosa,Genus species,mangrove
Doughty_et_al_2016,MIPineIsland,MC-19C,Laguncularia racemosa,Genus species,mangrove
Doughty_et_al_2016,MIPineIsland,MC-19A,Laguncularia racemosa,Genus species,mangrove
Doughty_et_al_2016,MIPineIsland,MC-21C,Salicornia bigelovii,Genus species,marsh
Doughty_et_al_2016,MIPineIsland,MC-21A,Salicornia bigelovii,Genus species,marsh
Doughty_et_al_2016,MIT-9N,MC-11A,Avicennia germinans,Genus species,mangrove
Doughty_et_al_2016,MIT-9N,MC-11B,Avicennia germinans,Genus species,mangrove
Doughty_et_al_2016,MIT-9N,MC-11C,Avicennia germinans,Genus species,mangrove
Doughty_et_al_2016,MIT-9N,MC-14C,Batis maritima,Genus species,marsh
Doughty_et_al_2016,MIT-9N,MC-14A,Batis maritima,Genus species,marsh
Doughty_et_al_2016,MIT-9N,MC-14B,Batis maritima,Genus species,marsh
Doughty_et_al_2016,MIT-9N,MC-13C,Distichlis spicata,Genus species,marsh
Doughty_et_al_2016,MIT-9N,MC-13A,Distichlis spicata,Genus species,marsh
Doughty_et_al_2016,MIT-9N,MC-13B,Distichlis spicata,Genus species,marsh
Doughty_et_al_2016,MIT-9N,MC-12A,Laguncularia racemosa,Genus species,mangrove
Doughty_et_al_2016,MIT-9N,MC-12B,Laguncularia racemosa,Genus species,mangrove
Doughty_et_al_2016,MIT-9N,MC-12C,Laguncularia racemosa,Genus species,mangrove
Doughty_et_al_2016,MIT-9N,MC-10A,Rhizophora mangle,Genus species,mangrove
Doughty_et_al_2016,MIT-9N,MC-10B,Rhizophora mangle,Genus species,mangrove
Doughty_et_al_2016,MIT-9N,MC-10C,Rhizophora mangle,Genus species,mangrove
Doughty_et_al_2016,MIT-9S,MC-15A,Avicennia germinans,Genus species,mangrove
Doughty_et_al_2016,MIT-9S,MC-15C,Avicennia germinans,Genus species,mangrove
Doughty_et_al_2016,MIT-9S,MC-15B,Avicennia germinans,Genus species,mangrove
Doughty_et_al_2016,MIT-9S,MC-17A,Batis maritima,Genus species,marsh
Doughty_et_al_2016,MIT-9S,MC-17C,Batis maritima,Genus species,marsh
Doughty_et_al_2016,MIT-9S,MC-17B,Batis maritima,Genus species,marsh
Doughty_et_al_2016,MIT-9S,MC-18B,Distichlis spicata,Genus species,marsh
Doughty_et_al_2016,MIT-9S,MC-18A,Distichlis spicata,Genus species,marsh
Doughty_et_al_2016,MIT-9S,MC-18C,Distichlis spicata,Genus species,marsh
Doughty_et_al_2016,MIT-9S,MC-16B,Laguncularia racemosa,Genus species,mangrove
Doughty_et_al_2016,MIT-9S,MC-16A,Laguncularia racemosa,Genus species,mangrove
Doughty_et_al_2016,MIT-9S,MC-16C,Laguncularia racemosa,Genus species,mangrove
Duncan_et_al_2016,"Ermita, Dumangas, Iloilo",M1743,Avicennia marina,Genus species,mangrove
Duncan_et_al_2016,"Ermita, Dumangas, Iloilo",M1744,Avicennia marina,Genus species,mangrove
Duncan_et_al_2016,"Ermita, Dumangas, Iloilo",M1745,Avicennia marina,Genus species,mangrove
Duncan_et_al_2016,"Ermita, Dumangas, Iloilo",M1746,Avicennia marina,Genus species,mangrove
Duncan_et_al_2016,"Ermita, Dumangas, Iloilo",M1747,Avicennia marina,Genus species,mangrove
Duncan_et_al_2016,"Ermita, Dumangas, Iloilo",M1748,Avicennia marina,Genus species,mangrove
Duncan_et_al_2016,"Ermita, Dumangas, Iloilo",M1749,Avicennia marina,Genus species,mangrove
Duncan_et_al_2016,"Ermita, Dumangas, Iloilo",M1750,Avicennia marina,Genus species,mangrove
Duncan_et_al_2016,"Ermita, Dumangas, Iloilo",M1750,Sonneratia alba,Genus species,mangrove
Duncan_et_al_2016,"Bakhawan Ecopark, Buswang, Kalibo, Aklan",M1751,Sonneratia alba,Genus species,mangrove
Duncan_et_al_2016,"Bakhawan Ecopark, Buswang, Kalibo, Aklan",M1752,Sonneratia alba,Genus species,mangrove
Duncan_et_al_2016,"Bakhawan Ecopark, Buswang, Kalibo, Aklan",M1753,Sonneratia alba,Genus species,mangrove
Duncan_et_al_2016,"Bakhawan Ecopark, Buswang, Kalibo, Aklan",M1754,Sonneratia alba,Genus species,mangrove
Duncan_et_al_2016,"Bakhawan Ecopark, Buswang, Kalibo, Aklan",M1755,Avicennia marina,Genus species,mangrove
Duncan_et_al_2016,"Bakhawan Ecopark, Buswang, Kalibo, Aklan",M1756,Avicennia marina,Genus species,mangrove
Duncan_et_al_2016,"Bakhawan Ecopark, Buswang, Kalibo, Aklan",M1757,Sonneratia alba,Genus species,mangrove
Duncan_et_al_2016,"Bakhawan Ecopark, Buswang, Kalibo, Aklan",M1758,Avicennia marina,Genus species,mangrove
Dung_et_al_2016,"Khe Vinh Creek, Can Gio",M0631,Avicennia alba,Genus species,mangrove
Dung_et_al_2016,"Khe Vinh Creek, Can Gio",M0632,Rhizophora apiculata,Genus species,mangrove
Dung_et_al_2016,"Khe Vinh Creek, Can Gio",M0633,Rhizophora apiculata,Genus species,mangrove
Dung_et_al_2016,"Khe Vinh Creek, Can Gio",M0634,Rhizophora apiculata,Genus species,mangrove
Eagle_et_al_2021,Martin Peña West,MPW1,Rhizophora mangle,Genus species,NA
Eagle_et_al_2021,Martin Peña West,MPW1,Laguncularia racemosa,Genus species,NA
Eagle_et_al_2021,Martin Peña West,MPW1,Avicennia germinans,Genus species,NA
Eagle_et_al_2021,Martin Peña East,MPE1,Rhizophora mangle,Genus species,NA
Eagle_et_al_2021,Martin Peña East,MPE1,Laguncularia racemosa,Genus species,NA
Eagle_et_al_2021,Martin Peña East,MPE1,Avicennia germinans,Genus species,NA
Eagle_et_al_2021,Martin Peña East,MPE2,Rhizophora mangle,Genus species,NA
Eagle_et_al_2021,Martin Peña East,MPE2,Laguncularia racemosa,Genus species,NA
Eagle_et_al_2021,Martin Peña East,MPE2,Avicennia germinans,Genus species,NA
Eagle_et_al_2021,Torrecilla Lagoon,TORR1,Rhizophora mangle,Genus species,NA
Eagle_et_al_2021,Torrecilla Lagoon,TORR1,Laguncularia racemosa,Genus species,NA
Eagle_et_al_2021,Torrecilla Lagoon,TORR1,Avicennia germinans,Genus species,NA
Eagle_et_al_2021,Torrecilla Lagoon,TORR2,Rhizophora mangle,Genus species,NA
Eagle_et_al_2021,Torrecilla Lagoon,TORR2,Laguncularia racemosa,Genus species,NA
Eagle_et_al_2021,Torrecilla Lagoon,TORR2,Avicennia germinans,Genus species,NA
Eagle_et_al_2021,San José Lagoon,SJ1,Rhizophora mangle,Genus species,NA
Eagle_et_al_2021,San José Lagoon,SJ1,Laguncularia racemosa,Genus species,NA
Eagle_et_al_2021,San José Lagoon,SJ1,Avicennia germinans,Genus species,NA
Eagle_et_al_2021,San José Lagoon,SJ2,Rhizophora mangle,Genus species,NA
Eagle_et_al_2021,San José Lagoon,SJ2,Laguncularia racemosa,Genus species,NA
Eagle_et_al_2021,San José Lagoon,SJ2,Avicennia germinans,Genus species,NA
Eagle_et_al_2021,Piñones,PIN1,Avicennia germinans,Genus species,NA
Eagle_et_al_2021,Piñones,PIN2,Avicennia germinans,Genus species,NA
Ezcurra_et_al_2016,Magdalena Bay,M0400,Rhizophora mangle,Genus species,mangrove
Ezcurra_et_al_2016,Magdalena Bay,M0401,Avicennia germinans,Genus species,mangrove
Ezcurra_et_al_2016,Magdalena Bay,M0402,Avicennia germinans,Genus species,mangrove
Ezcurra_et_al_2016,Magdalena Bay,M0403,Rhizophora mangle,Genus species,mangrove
Ezcurra_et_al_2016,Balandra,M0405,Avicennia germinans,Genus species,mangrove
Ezcurra_et_al_2016,Balandra,M0406,Avicennia germinans,Genus species,mangrove
Ezcurra_et_al_2016,Balandra,M0407,Rhizophora mangle,Genus species,mangrove
Ezcurra_et_al_2016,Balandra,M0408,Rhizophora mangle,Genus species,mangrove
Ezcurra_et_al_2016,Balandra,M0409,Avicennia germinans,Genus species,mangrove
Ezcurra_et_al_2016,Balandra,M0410,Avicennia germinans,Genus species,mangrove
Ezcurra_et_al_2016,Marismas,M0411,Avicennia germinans,Genus species,mangrove
Ezcurra_et_al_2016,Marismas,M0412,Avicennia germinans,Genus species,mangrove
Ezcurra_et_al_2016,Marismas,M0413,Avicennia germinans,Genus species,mangrove
Ezcurra_et_al_2016,La Encrucijada,M0414,Rhizophora mangle,Genus species,mangrove
Ezcurra_et_al_2016,La Encrucijada,M0415,Rhizophora mangle,Genus species,mangrove
Ezcurra_et_al_2016,La Encrucijada,M0416,Avicennia germinans,Genus species,mangrove
Ezcurra_et_al_2016,La Encrucijada,M0417,Rhizophora mangle,Genus species,mangrove
Fujimoto_et_al_1999,Pohnpei Island,M0530,Rhizophora apiculata,Genus species,mangrove
Fujimoto_et_al_1999,Pohnpei Island,M0530,Bruguiera gymnorrhiza,Genus species,mangrove
Fujimoto_et_al_1999,Pohnpei Island,M0531,Rhizophora apiculata,Genus species,mangrove
Fujimoto_et_al_1999,Pohnpei Island,M0531,Bruguiera gymnorrhiza,Genus species,mangrove
Fujimoto_et_al_1999,Pohnpei Island,M0532,Rhizophora apiculata,Genus species,mangrove
Giani_et_al_1996,Balandra Bay,M0706,Rhizophora mangle,Genus species,mangrove
Giani_et_al_1996,Balandra Bay,M0707,Avicennia germinans,Genus species,mangrove
Giani_et_al_1996,Balandra Bay,M0708,Rhizophora mangle,Genus species,mangrove
Giani_et_al_1996,Balandra Bay,M0709,Avicennia germinans,Genus species,mangrove
Giani_et_al_1996,Ensenada La Paz,M0710,Avicennia germinans,Genus species,mangrove
Gonneea_et_al_2004,Celestún,M1507,Rhizophora mangle,Genus species,mangrove
Gonneea_et_al_2004,Celestún,M1508,Rhizophora mangle,Genus species,mangrove
Gonneea_et_al_2004,Celestún,M1508,Laguncularia racemosa,Genus species,mangrove
Gonneea_et_al_2004,Celestún,M1509,Rhizophora mangle,Genus species,mangrove
Gonneea_et_al_2004,Celestún,M1509,Laguncularia racemosa,Genus species,mangrove
Gonneea_et_al_2004,Progreso,M1510,Rhizophora mangle,Genus species,mangrove
Gonneea_et_al_2004,Progreso,M1510,Avicennia germinans,Genus species,mangrove
Gonneea_et_al_2004,Celestún,M1511,Rhizophora mangle,Genus species,mangrove
Gonneea_et_al_2004,Celestún,M1511,Laguncularia racemosa,Genus species,mangrove
Gonneea_et_al_2004,Celestún,M1512,Rhizophora mangle,Genus species,mangrove
Gonneea_et_al_2004,Celestún,M1512,Laguncularia racemosa,Genus species,mangrove
Gonneea_et_al_2004,Celestún,M1513,Rhizophora mangle,Genus species,mangrove
Gonneea_et_al_2004,Celestún,M1513,Avicennia germinans,Genus species,mangrove
Gonneea_et_al_2004,Celestún,M1513,Laguncularia racemosa,Genus species,mangrove
Gonneea_et_al_2004,Celestún,M1514,Rhizophora mangle,Genus species,mangrove
Gonneea_et_al_2004,Celestún,M1514,Avicennia germinans,Genus species,mangrove
Gonneea_et_al_2004,Celestún,M1514,Laguncularia racemosa,Genus species,mangrove
Gonneea_et_al_2004,Progreso,M1515,Rhizophora mangle,Genus species,mangrove
Gonneea_et_al_2004,Progreso,M1515,Avicennia germinans,Genus species,mangrove
Gonneea_et_al_2004,Progreso,M1516,Rhizophora mangle,Genus species,mangrove
Gonneea_et_al_2004,Progreso,M1516,Avicennia germinans,Genus species,mangrove
Gonneea_et_al_2004,Terminos Lagoon,M1517,Rhizophora mangle,Genus species,mangrove
Gonneea_et_al_2004,Terminos Lagoon,M1517,Avicennia germinans,Genus species,mangrove
Gonneea_et_al_2004,Terminos Lagoon,M1518,Laguncularia racemosa,Genus species,mangrove
Gonneea_et_al_2004,Chelem_Lagoon,Gonneea_et_al_2004_1,Halodule wrightii,Genus species,seagrass
Gonneea_et_al_2004,Celestun_Lagoon,Gonneea_et_al_2004_2,Halodule wrightii,Genus species,seagrass
Gonneea_et_al_2004,Celestun_Lagoon,Gonneea_et_al_2004_2,Ruppia maritima,Genus species,seagrass
Gonneea_et_al_2004,Laguna_de_Terminos,Gonneea_et_al_2004_3,Thalassia testudinum,Genus species,seagrass
He_et_al_2002,Yingluo Bay,M0452,Bruguiera gymnorrhiza,Genus species,mangrove
He_et_al_2002,Yingluo Bay,M0453,Rhizophora stylosa,Genus species,mangrove
He_et_al_2002,Yingluo Bay,M0454,Kandelia candel,Genus species,mangrove
He_et_al_2002,Yingluo Bay,M0455,Aegiceras corniculatum,Genus species,mangrove
He_et_al_2002,Yingluo Bay,M0456,Avicennia marina,Genus species,mangrove
Jones_et_al_2016,Ambaro-Ambanja,M0978,Rhizophora mucronata,Genus species,mangrove
Jones_et_al_2016,Ambaro-Ambanja,M0979,Rhizophora mucronata,Genus species,mangrove
Jones_et_al_2016,Ambaro-Ambanja,M0980,Ceriops tagal,Genus species,mangrove
Jones_et_al_2016,Ambaro-Ambanja,M0981,Ceriops tagal,Genus species,mangrove
Jones_et_al_2016,Ambaro-Ambanja,M0982,Ceriops tagal,Genus species,mangrove
Jones_et_al_2016,Ambaro-Ambanja,M0983,Ceriops tagal,Genus species,mangrove
Jones_et_al_2016,Ambaro-Ambanja,M0985,Rhizophora mucronata,Genus species,mangrove
Jones_et_al_2016,Ambaro-Ambanja,M0986,Rhizophora mucronata,Genus species,mangrove
Jones_et_al_2016,Ambaro-Ambanja,M0987,Rhizophora mucronata,Genus species,mangrove
Jones_et_al_2016,Ambaro-Ambanja,M0988,Avicennia marina,Genus species,mangrove
Jones_et_al_2016,Ambaro-Ambanja,M0989,Avicennia marina,Genus species,mangrove
Jones_et_al_2016,Ambaro-Ambanja,M0990,Avicennia marina,Genus species,mangrove
Jones_et_al_2016,Ambaro-Ambanja,M0991,Ceriops tagal,Genus species,mangrove
Jones_et_al_2016,Ambaro-Ambanja,M0992,Ceriops tagal,Genus species,mangrove
Jones_et_al_2016,Ambaro-Ambanja,M0993,Ceriops tagal,Genus species,mangrove
Jones_et_al_2016,Ambaro-Ambanja,M0994,Sonneratia alba,Genus species,mangrove
Jones_et_al_2016,Ambaro-Ambanja,M0995,Rhizophora mucronata,Genus species,mangrove
Jones_et_al_2016,Ambaro-Ambanja,M0996,Ceriops tagal,Genus species,mangrove
Jones_et_al_2016,Ambaro-Ambanja,M0998,Rhizophora mucronata,Genus species,mangrove
Jones_et_al_2016,Ambaro-Ambanja,M0999,Rhizophora mucronata,Genus species,mangrove
Jones_et_al_2016,Ambaro-Ambanja,M1000,Ceriops tagal,Genus species,mangrove
Jones_et_al_2016,Ambaro-Ambanja,M1002,Rhizophora mucronata,Genus species,mangrove
Jones_et_al_2016,Ambaro-Ambanja,M1003,Rhizophora mucronata,Genus species,mangrove
Jones_et_al_2016,Ambaro-Ambanja,M1004,Ceriops tagal,Genus species,mangrove
Jones_et_al_2016,Ambaro-Ambanja,M1005,Ceriops tagal,Genus species,mangrove
Jones_et_al_2016,Ambaro-Ambanja,M1006,Ceriops tagal,Genus species,mangrove
Jones_et_al_2016,Ambaro-Ambanja,M1007,Rhizophora mucronata,Genus species,mangrove
Jones_et_al_2016,Ambaro-Ambanja,M1008,Rhizophora mucronata,Genus species,mangrove
Jones_et_al_2016,Ambaro-Ambanja,M1009,Ceriops tagal,Genus species,mangrove
Jones_et_al_2016,Ambaro-Ambanja,M1011,Ceriops tagal,Genus species,mangrove
Jones_et_al_2016,Ambaro-Ambanja,M1012,Ceriops tagal,Genus species,mangrove
Jones_et_al_2016,Ambaro-Ambanja,M1013,Rhizophora mucronata,Genus species,mangrove
Jones_et_al_2016,Ambaro-Ambanja,M1014,Rhizophora mucronata,Genus species,mangrove
Jones_et_al_2016,Ambaro-Ambanja,M1015,Rhizophora mucronata,Genus species,mangrove
Jones_et_al_2016,Ambaro-Ambanja,M1016,Ceriops tagal,Genus species,mangrove
Jones_et_al_2016,Ambaro-Ambanja,M1017,Rhizophora mucronata,Genus species,mangrove
Jones_et_al_2016,Ambaro-Ambanja,M1018,Rhizophora mucronata,Genus species,mangrove
Jones_et_al_2016,Ambaro-Ambanja,M1019,Rhizophora mucronata,Genus species,mangrove
Jones_et_al_2016,Ambaro-Ambanja,M1021,Avicennia marina,Genus species,mangrove
Jones_et_al_2016,Ambaro-Ambanja,M1022,Avicennia marina,Genus species,mangrove
Jones_et_al_2016,Ambaro-Ambanja,M1023,Avicennia marina,Genus species,mangrove
Jones_et_al_2016,Ambaro-Ambanja,M1024,Avicennia marina,Genus species,mangrove
Kauffman_et_al_2016,Pantanos de Centla,M0377,Rhizophora mangle,Genus species,mangrove
Kauffman_et_al_2016,Pantanos de Centla,M0378,Rhizophora mangle,Genus species,mangrove
Kauffman_et_al_2016,Pantanos de Centla,M0379,Rhizophora mangle,Genus species,mangrove
Kauffman_et_al_2016,Pantanos de Centla,M0380,Rhizophora mangle,Genus species,mangrove
Kauffman_et_al_2016,Pantanos de Centla,M0381,Laguncularia racemosa,Genus species,mangrove
Kauffman_et_al_2016,Pantanos de Centla,M0382,Rhizophora mangle,Genus species,mangrove
Kauffman_et_al_2016,Pantanos de Centla,M0383,Laguncularia racemosa,Genus species,mangrove
Kelleway_et_al_2016,Towra Point Nature Reserve,M0543,Avicennia marina,Genus species,mangrove
Kelleway_et_al_2016,Towra Point Nature Reserve,M0544,Avicennia marina,Genus species,mangrove
Kelleway_et_al_2016,Towra Point Nature Reserve,M0545,Avicennia marina,Genus species,mangrove
Kelleway_et_al_2016,Towra Point Nature Reserve,M0546,Avicennia marina,Genus species,mangrove
Kelleway_et_al_2016,Towra Point Nature Reserve,M0547,Avicennia marina,Genus species,mangrove
Kelleway_et_al_2016,Towra Point Nature Reserve,M0548,Avicennia marina,Genus species,mangrove
Kelleway_et_al_2016,Towra Point Nature Reserve,M0549,Avicennia marina,Genus species,mangrove
Kelleway_et_al_2016,Towra Point Nature Reserve,M0550,Avicennia marina,Genus species,mangrove
Kelleway_et_al_2016,Towra Point Nature Reserve,M0551,Avicennia marina,Genus species,mangrove
Kelleway_et_al_2016,Towra Point Nature Reserve,M0552,Avicennia marina,Genus species,mangrove
Kelleway_et_al_2016,Towra Point Nature Reserve,M0553,Avicennia marina,Genus species,mangrove
Kelleway_et_al_2016,Towra Point Nature Reserve,M0554,Avicennia marina,Genus species,mangrove
Kelleway_et_al_2016,Georges River National Park,M0555,Avicennia marina,Genus species,mangrove
Kelleway_et_al_2016,Georges River National Park,M0556,Avicennia marina,Genus species,mangrove
Kelleway_et_al_2016,Georges River National Park,M0557,Avicennia marina,Genus species,mangrove
Kelleway_et_al_2016,Georges River National Park,M0558,Avicennia marina,Genus species,mangrove
Kelleway_et_al_2016,Georges River National Park,M0559,Avicennia marina,Genus species,mangrove
Kelleway_et_al_2016,Georges River National Park,M0560,Avicennia marina,Genus species,mangrove
Kelleway_et_al_2016,Georges River National Park,M0561,Avicennia marina,Genus species,mangrove
Kelleway_et_al_2016,Georges River National Park,M0562,Avicennia marina,Genus species,mangrove
Kelleway_et_al_2016,Georges River National Park,M0563,Avicennia marina,Genus species,mangrove
Kelleway_et_al_2016,Georges River National Park,M0564,Avicennia marina,Genus species,mangrove
Kelleway_et_al_2016,Georges River National Park,M0565,Avicennia marina,Genus species,mangrove
Kelleway_et_al_2016,Georges River National Park,M0566,Avicennia marina,Genus species,mangrove
Lang'at_et_al_2014,Gazi Bay,M0657,Rhizophora mucronata,Genus species,mangrove
Liu_2005,"Techeng Island, Guandong",M0457,Avicennia marina,Genus species,mangrove
Liu_2005,"Techeng Island, Guandong",M0458,Avicennia marina,Genus species,mangrove
Liu_2005,"Techeng Island, Guandong",M0458,Rhizophora stylosa,Genus species,mangrove
Liu_2005,"Huguangzhen, Guangdong",M0459,Avicennia marina,Genus species,mangrove
Liu_2005,"Huguangzhen, Guangdong",M0459,Aegiceras corniculatum,Genus species,mangrove
Liu_2005,"Huguangzhen, Guangdong",M0460,Sonneratia apetala,Genus species,mangrove
Liu_2005,Leizhou Peninsula,M0461,Sonneratia apetala,Genus species,mangrove
Liu_2005,Leizhou Peninsula,M0462,Kandelia candel,Genus species,mangrove
Loi_and_Ni_2015,"Ong Trang sand bar, Ngoc Hien district, Ca Mau province",M0958,Avicennia alba,Genus species,mangrove
Loi_and_Ni_2015,"Ong Trang sand bar, Ngoc Hien district, Ca Mau province",M0959,Rhizophora apiculata,Genus species,mangrove
Loi_and_Ni_2015,"Ong Trang sand bar, Ngoc Hien district, Ca Mau province",M0960,Bruguiera parviflora,Genus species,mangrove
Lunstrem_and_Chen_2014,Deep Bay,M0266,Sonneratia apetala,Genus species,mangrove
Lunstrem_and_Chen_2014,Deep Bay,M0267,Kandelia obovata,Genus species,mangrove
Lunstrem_and_Chen_2014,Deep Bay,M0268,Sonneratia apetala,Genus species,mangrove
Lunstrem_and_Chen_2014,Deep Bay,M0269,Kandelia obovata,Genus species,mangrove
MacKenzie_et_al_2016,Can Gio,M0312,Rhizophora apiculata,Genus species,mangrove
MacKenzie_et_al_2016,Can Gio,M0313,Rhizophora apiculata,Genus species,mangrove
MacKenzie_et_al_2016,Ca Mau,M0314,Rhizophora apiculata,Genus species,mangrove
MacKenzie_et_al_2016,Ca Mau,M0315,Rhizophora apiculata,Genus species,mangrove
MacKenzie_et_al_2016,Ca Mau,M0316,Rhizophora apiculata,Genus species,mangrove
MacKenzie_et_al_2016,Ca Mau,M0317,Rhizophora apiculata,Genus species,mangrove
MacKenzie_et_al_2016,Ca Mau,M0318,Rhizophora apiculata,Genus species,mangrove
MacKenzie_et_al_2016,Ca Mau,M0319,Rhizophora apiculata,Genus species,mangrove
MacKenzie_et_al_2016,Babeldaob,M0320,Rhizophora mucronata,Genus species,mangrove
MacKenzie_et_al_2016,Babeldaob,M0321,Rhizophora mucronata,Genus species,mangrove
MacKenzie_et_al_2016,Babeldaob,M0322,Sonneratia alba,Genus species,mangrove
MacKenzie_et_al_2016,Babeldaob,M0323,Lumnitzera littorea,Genus species,mangrove
MacKenzie_et_al_2016,Babeldaob,M0324,Rhizophora mucronata,Genus species,mangrove
MacKenzie_et_al_2016,Babeldaob,M0325,Rhizophora apiculata,Genus species,mangrove
MacKenzie_et_al_2016,Babeldaob,M0326,Sonneratia alba,Genus species,mangrove
MacKenzie_et_al_2016,Babeldaob,M0327,Bruguiera gymnorrhiza,Genus species,mangrove
MacKenzie_et_al_2016,Babeldaob,M0328,Sonneratia alba,Genus species,mangrove
MacKenzie_et_al_2016,Babeldaob,M0329,Rhizophora mucronata,Genus species,mangrove
MacKenzie_et_al_2016,Babeldaob,M0330,Rhizophora apiculata,Genus species,mangrove
Mao_et_al_2011,"Shenzhen Bay, Shenzhen City, Guangdong Province",M0480,Kandelia candel,Genus species,mangrove
Mao_et_al_2011,"Shenzhen Bay, Shenzhen City, Guangdong Province",M0481,Kandelia candel,Genus species,mangrove
Mao_et_al_2012,"Futian Mangrove Reserve, Shenzhen City, Guangdong Province",M0482,Kandelia candel,Genus species,mangrove
Mao_et_al_2012,"Futian Mangrove Reserve, Shenzhen City, Guangdong Province",M0483,Kandelia candel,Genus species,mangrove
Mao_et_al_2012,"Futian Mangrove Reserve, Shenzhen City, Guangdong Province",M0484,Kandelia candel,Genus species,mangrove
Middelburg_et_al_1996,Gazi Bay,M0678,Rhizophora mucronata,Genus species,mangrove
Middelburg_et_al_1996,Gazi Bay,M0679,Rhizophora mucronata,Genus species,mangrove
Middelburg_et_al_1996,Gazi Bay,M0680,Rhizophora mucronata,Genus species,mangrove
Middelburg_et_al_1996,Gazi Bay,M0681,Rhizophora mucronata,Genus species,mangrove
Middelburg_et_al_1996,Gazi Bay,M0682,Ceriops tagal,Genus species,mangrove
Middelburg_et_al_1996,Gazi Bay,M0683,Ceriops tagal,Genus species,mangrove
Middelburg_et_al_1996,Gazi Bay,M0684,Ceriops tagal,Genus species,mangrove
Middelburg_et_al_1996,Gazi Bay,M0685,Avicennia marina,Genus species,mangrove
Middelburg_et_al_1996,Gazi Bay,M0686,Avicennia marina,Genus species,mangrove
Middelburg_et_al_1996,Gazi Bay,M0687,Bruguiera gymnorrhiza,Genus species,mangrove
Middelburg_et_al_1996,Gazi Bay,M0688,Sonneratia alba,Genus species,mangrove
Middelburg_et_al_1996,Gazi Bay,M0689,Sonneratia alba,Genus species,mangrove
Murdiyarso_et_al_2015,South Sumatra,M0347,Rhizophora apiculata,Genus species,mangrove
Murdiyarso_et_al_2015,South Sumatra,M0347,Bruguiera gymnorrhiza,Genus species,mangrove
Murdiyarso_et_al_2015,Central Java,M0348,Sonneratia alba,Genus species,mangrove
Murdiyarso_et_al_2015,West Kalimantan,M0349,Rhizophora apiculata,Genus species,mangrove
Murdiyarso_et_al_2015,Central Kalimantan,M0350,Rhizophora apiculata,Genus species,mangrove
Murdiyarso_et_al_2015,North Sulawesi,M0351,Rhizophora mucronata,Genus species,mangrove
Murdiyarso_et_al_2015,West Papua,M0352,Bruguiera gymnorrhiza,Genus species,mangrove
Murdiyarso_et_al_2015,West Papua,M0352,Avicennia spp.,Genus,mangrove
Murdiyarso_et_al_2015,West Papua,M0353,Bruguiera gymnorrhiza,Genus species,mangrove
Murdiyarso_et_al_2015,West Papua,M0354,Rhizophora apiculata,Genus species,mangrove
Naidoo_1980,Durban,M1292,Avicennia marina,Genus species,mangrove
Naidoo_1980,Durban,M1293,Avicennia marina,Genus species,mangrove
Naidoo_1980,Durban,M1294,Avicennia marina,Genus species,mangrove
Naidoo_1980,Durban,M1295,Bruguiera gymnorrhiza,Genus species,mangrove
Naidoo_1980,Durban,M1296,Bruguiera gymnorrhiza,Genus species,mangrove
Naidoo_1980,Durban,M1297,Bruguiera gymnorrhiza,Genus species,mangrove
Nsombo_et_al_2016,"Rio del Rey Estuary, Bamusso",M0537,Rhizophora spp,Genus,mangrove
Nsombo_et_al_2016,"Rio del Rey Estuary, Bamusso",M0538,Rhizophora spp,Genus,mangrove
Nsombo_et_al_2016,"Rio del Rey Estuary, Bamusso",M0539,Rhizophora spp,Genus,mangrove
Nsombo_et_al_2016,"Rio del Rey Estuary, Bamusso",M0541,Rhizophora spp,Genus,mangrove
Nsombo_et_al_2016,"Rio del Rey Estuary, Bamusso",M0542,Rhizophora spp,Genus,mangrove
Nsombo_et_al_2016,"Rio del Rey Estuary, Bamusso",M0540,Rhizophora spp,Genus,mangrove
Okeefe-Suttles_et_al_2021_FL,Fort de Soto,FL_FDS,Rhizophora mangle,Genus species,NA
Okeefe-Suttles_et_al_2021_FL,Fort de Soto,FL_FDS,Laguncularia racemosa,Genus species,NA
Okeefe-Suttles_et_al_2021_FL,Fort de Soto,FL_FDS,Avicennia germinans,Genus species,NA
Okeefe-Suttles_et_al_2021_FL,Holly House,FL_HHMA,Rhizophora mangle,Genus species,NA
Okeefe-Suttles_et_al_2021_FL,Holly House,FL_HHMA,Laguncularia racemosa,Genus species,NA
Okeefe-Suttles_et_al_2021_FL,Holly House,FL_HHMA,Avicennia germinans,Genus species,NA
Okeefe-Suttles_et_al_2021_FL,Holly House,FL_HHMB,Rhizophora mangle,Genus species,NA
Okeefe-Suttles_et_al_2021_FL,Holly House,FL_HHMB,Laguncularia racemosa,Genus species,NA
Okeefe-Suttles_et_al_2021_FL,Holly House,FL_HHMB,Avicennia germinans,Genus species,NA
Okeefe-Suttles_et_al_2021_FL,Rocky Creek,FL_RCRA,Juncus spp.,Genus,NA
Okeefe-Suttles_et_al_2021_FL,Rocky Creek,FL_RCRA,Spartina alterniflora,Genus species,NA
Okeefe-Suttles_et_al_2021_FL,Rocky Creek,FL_RCRB,Juncus spp.,Genus,NA
Okeefe-Suttles_et_al_2021_FL,Rocky Creek,FL_RCRB,Spartina alterniflora,Genus species,NA
Okeefe-Suttles_et_al_2021_FL,Upper Tampa Bay,FL_UTR,Juncus spp.,Genus,NA
Okeefe-Suttles_et_al_2021_FL,Upper Tampa Bay,FL_UTR,Spartina alterniflora,Genus species,NA
Okeefe-Suttles_et_al_2021_FL,Weedon Island,FL_WI,Rhizophora mangle,Genus species,NA
Okeefe-Suttles_et_al_2021_FL,Weedon Island,FL_WI,Laguncularia racemosa,Genus species,NA
Okeefe-Suttles_et_al_2021_FL,Weedon Island,FL_WI,Avicennia germinans,Genus species,NA
Otero_et_al_2009,"Pai Matos Island,Cananéia, State of São Paulo",M1333,Laguncularia racemosa,Genus species,mangrove
Otero_et_al_2009,"Pai Matos Island,Cananéia, State of São Paulo",M1334,Rhizophora mangle,Genus species,mangrove
Otero_et_al_2009,"Pai Matos Island,Cananéia, State of São Paulo",M1335,Avicennia schauerianna,Genus species,mangrove
Pazi_et_al_2016,"Awat-Awat Mangrove Forest Reserve, Lawas, Sarawak",M0658,Sonneratia alba,Genus species,mangrove
Pazi_et_al_2016,"Awat-Awat Mangrove Forest Reserve, Lawas, Sarawak",M0658,Sonneratia caseolaris,Genus species,mangrove
Pazi_et_al_2016,"Awat-Awat Mangrove Forest Reserve, Lawas, Sarawak",M0659,Rhizophora apiculata,Genus species,mangrove
Pazi_et_al_2016,"Awat-Awat Mangrove Forest Reserve, Lawas, Sarawak",M0659,Rhisophora mucronata,Genus species,mangrove
Pazi_et_al_2016,"Awat-Awat Mangrove Forest Reserve, Lawas, Sarawak",M0660,Lumnitzera littorea,Genus species,mangrove
Pazi_et_al_2016,"Awat-Awat Mangrove Forest Reserve, Lawas, Sarawak",M0660,Xylocarpus granatum,Genus species,mangrove
Phang_et_al_2016,Chek Jawa,M0635,Avicennia officinalis,Genus species,mangrove
Phang_et_al_2016,Chek Jawa,M0635,Rhizophora apiculata,Genus species,mangrove
Radabaugh_et_al_2018,NA,BISH,Rhizophora mangle,Genus species,mangrove
Radabaugh_et_al_2018,NA,CERF_Marsh,Spartina alterniflora,Genus species,marsh
Radabaugh_et_al_2018,NA,EGS,Rhizophora mangle,Genus species,mangrove
Ranjan_2010,Pichavaram,M0522,Avicennia marina,Genus species,mangrove
Ranjan_2010,Pichavaram,M0522,Asparagus officinalis,Genus species,marsh
Ranjan_2010,Pichavaram,M0522,Rhizophora mucronata,Genus species,mangrove
Ranjan_2010,Pichavaram,M0523,Rhizophora mucronata,Genus species,mangrove
Ranjan_2010,Pichavaram,M0523,Bruguiera cylindrica,Genus species,mangrove
Ranjan_2010,Pichavaram,M0524,Avicennia marina,Genus species,mangrove
"S._Gress_Unpublished,_Gress_et_al_2016",Vanga,M1129,Rhizophora mucronata,Genus species,mangrove
"S._Gress_Unpublished,_Gress_et_al_2016",Vanga,M1130,Avicennia marina,Genus species,mangrove
"S._Gress_Unpublished,_Gress_et_al_2016",Vanga,M1131,Avicennia marina,Genus species,mangrove
"S._Gress_Unpublished,_Gress_et_al_2016",Vanga,M1132,Avicennia marina,Genus species,mangrove
"S._Gress_Unpublished,_Gress_et_al_2016",Vanga,M1133,Avicennia marina,Genus species,mangrove
"S._Gress_Unpublished,_Gress_et_al_2016",Vanga,M1134,Avicennia marina,Genus species,mangrove
"S._Gress_Unpublished,_Gress_et_al_2016",Vanga,M1135,Avicennia marina,Genus species,mangrove
"S._Gress_Unpublished,_Gress_et_al_2016",Vanga,M1136,Rhizophora mucronata,Genus species,mangrove
"S._Gress_Unpublished,_Gress_et_al_2016",Vanga,M1137,Ceriops tagal,Genus species,mangrove
"S._Gress_Unpublished,_Gress_et_al_2016",Vanga,M1138,Avicennia marina,Genus species,mangrove
"S._Gress_Unpublished,_Gress_et_al_2016",Vanga,M1139,Rhizophora mucronata,Genus species,mangrove
"S._Gress_Unpublished,_Gress_et_al_2016",Vanga,M1140,Avicennia marina,Genus species,mangrove
"S._Gress_Unpublished,_Gress_et_al_2016",Vanga,M1141,Ceriops tagal,Genus species,mangrove
"S._Gress_Unpublished,_Gress_et_al_2016",Vanga,M1142,Avicennia marina,Genus species,mangrove
"S._Gress_Unpublished,_Gress_et_al_2016",Vanga,M1143,Ceriops tagal,Genus species,mangrove
"S._Gress_Unpublished,_Gress_et_al_2016",Vanga,M1144,Rhizophora mucronata,Genus species,mangrove
"S._Gress_Unpublished,_Gress_et_al_2016",Vanga,M1145,Rhizophora mucronata,Genus species,mangrove
"S._Gress_Unpublished,_Gress_et_al_2016",Vanga,M1146,Ceriops tagal,Genus species,mangrove
"S._Gress_Unpublished,_Gress_et_al_2016",Vanga,M1147,Avicennia marina,Genus species,mangrove
"S._Gress_Unpublished,_Gress_et_al_2016",Vanga,M1148,Avicennia marina,Genus species,mangrove
"S._Gress_Unpublished,_Gress_et_al_2016",Vanga,M1149,Avicennia marina,Genus species,mangrove
"S._Gress_Unpublished,_Gress_et_al_2016",Vanga,M1150,Avicennia marina,Genus species,mangrove
"S._Gress_Unpublished,_Gress_et_al_2016",Vanga,M1151,Avicennia marina,Genus species,mangrove
"S._Gress_Unpublished,_Gress_et_al_2016",Vanga,M1152,Rhizophora mucronata,Genus species,mangrove
"S._Gress_Unpublished,_Gress_et_al_2016",Vanga,M1153,Avicennia marina,Genus species,mangrove
"S._Gress_Unpublished,_Gress_et_al_2016",Vanga,M1154,Avicennia marina,Genus species,mangrove
"S._Gress_Unpublished,_Gress_et_al_2016",Vanga,M1155,Avicennia marina,Genus species,mangrove
"S._Gress_Unpublished,_Gress_et_al_2016",Vanga,M1156,Avicennia marina,Genus species,mangrove
"S._Gress_Unpublished,_Gress_et_al_2016",Gazi,M1157,Avicennia marina,Genus species,mangrove
"S._Gress_Unpublished,_Gress_et_al_2016",Gazi,M1158,Ceriops tagal,Genus species,mangrove
"S._Gress_Unpublished,_Gress_et_al_2016",Gazi,M1159,Avicennia marina,Genus species,mangrove
"S._Gress_Unpublished,_Gress_et_al_2016",Gazi,M1160,Avicennia marina,Genus species,mangrove
"S._Gress_Unpublished,_Gress_et_al_2016",Gazi,M1161,Avicennia marina,Genus species,mangrove
"S._Gress_Unpublished,_Gress_et_al_2016",Gazi,M1162,Avicennia marina,Genus species,mangrove
"S._Gress_Unpublished,_Gress_et_al_2016",Gazi,M1163,Ceriops tagal,Genus species,mangrove
"S._Gress_Unpublished,_Gress_et_al_2016",Gazi,M1164,Ceriops tagal,Genus species,mangrove
"S._Gress_Unpublished,_Gress_et_al_2016",Gazi,M1165,Ceriops tagal,Genus species,mangrove
"S._Gress_Unpublished,_Gress_et_al_2016",Gazi,M1166,Avicennia marina,Genus species,mangrove
"S._Gress_Unpublished,_Gress_et_al_2016",Gazi,M1167,Ceriops tagal,Genus species,mangrove
"S._Gress_Unpublished,_Gress_et_al_2016",Gazi,M1168,Ceriops tagal,Genus species,mangrove
"S._Gress_Unpublished,_Gress_et_al_2016",Gazi,M1169,Avicennia marina,Genus species,mangrove
"S._Gress_Unpublished,_Gress_et_al_2016",Gazi,M1170,Avicennia marina,Genus species,mangrove
"S._Gress_Unpublished,_Gress_et_al_2016",Gazi,M1171,Rhizophora mucronata,Genus species,mangrove
"S._Gress_Unpublished,_Gress_et_al_2016",Gazi,M1172,Avicennia marina,Genus species,mangrove
"S._Gress_Unpublished,_Gress_et_al_2016",Gazi,M1173,Avicennia marina,Genus species,mangrove
"S._Gress_Unpublished,_Gress_et_al_2016",Gazi,M1174,Ceriops tagal,Genus species,mangrove
"S._Gress_Unpublished,_Gress_et_al_2016",Gazi,M1175,Avicennia marina,Genus species,mangrove
"S._Gress_Unpublished,_Gress_et_al_2016",Gazi,M1176,Avicennia marina,Genus species,mangrove
"S._Gress_Unpublished,_Gress_et_al_2016",Gazi,M1177,Avicennia marina,Genus species,mangrove
"S._Gress_Unpublished,_Gress_et_al_2016",Gazi,M1178,Avicennia marina,Genus species,mangrove
"S._Gress_Unpublished,_Gress_et_al_2016",Gazi,M1179,Avicennia marina,Genus species,mangrove
"S._Gress_Unpublished,_Gress_et_al_2016",Gazi,M1180,Avicennia marina,Genus species,mangrove
"S._Gress_Unpublished,_Gress_et_al_2016",Gazi,M1181,Avicennia marina,Genus species,mangrove
"S._Gress_Unpublished,_Gress_et_al_2016",Gazi,M1182,Avicennia marina,Genus species,mangrove
"S._Gress_Unpublished,_Gress_et_al_2016",Gazi,M1183,Rhizophora mucronata,Genus species,mangrove
"S._Gress_Unpublished,_Gress_et_al_2016",Gazi,M1184,Rhizophora mucronata,Genus species,mangrove
"S._Gress_Unpublished,_Gress_et_al_2016",Gazi,M1185,Avicennia marina,Genus species,mangrove
"S._Gress_Unpublished,_Gress_et_al_2016",Gazi,M1186,Avicennia marina,Genus species,mangrove
"S._Gress_Unpublished,_Gress_et_al_2016",Gazi,M1187,Avicennia marina,Genus species,mangrove
"S._Gress_Unpublished,_Gress_et_al_2016",Gazi,M1188,Ceriops tagal,Genus species,mangrove
"S._Gress_Unpublished,_Gress_et_al_2016",Gazi,M1189,Avicennia marina,Genus species,mangrove
"S._Gress_Unpublished,_Gress_et_al_2016",Gazi,M1190,Avicennia marina,Genus species,mangrove
"S._Gress_Unpublished,_Gress_et_al_2016",Gazi,M1191,Avicennia marina,Genus species,mangrove
"S._Gress_Unpublished,_Gress_et_al_2016",Gazi,M1192,Avicennia marina,Genus species,mangrove
"S._Gress_Unpublished,_Gress_et_al_2016",Gazi,M1193,Avicennia marina,Genus species,mangrove
"S._Gress_Unpublished,_Gress_et_al_2016",Gazi,M1194,Rhizophora mucronata,Genus species,mangrove
"S._Gress_Unpublished,_Gress_et_al_2016",Gazi,M1195,Rhizophora mucronata,Genus species,mangrove
"S._Gress_Unpublished,_Gress_et_al_2016",Gazi,M1196,Rhizophora mucronata,Genus species,mangrove
Saintilan_et_al_2013,New South Wales,M0370,Avicennia marina,Genus species,mangrove
Saintilan_et_al_2013,New South Wales,M0371,Avicennia marina,Genus species,mangrove
Saintilan_et_al_2013,New South Wales,M0372,Avicennia marina,Genus species,mangrove
Saintilan_et_al_2013,New South Wales,M0373,Avicennia marina,Genus species,mangrove
Saintilan_et_al_2013,New South Wales,M0374,Avicennia marina,Genus species,mangrove
Sanders_et_al_2014,Cubatao,M0655,Rhizophora mangle,Genus species,mangrove
Sanders_et_al_2014,Cubatao,M0656,Rhizophora mangle,Genus species,mangrove
Sanders_et_al_2016_JGR_Biogeoscience,Darwin,M1081,Avicennia marina,Genus species,mangrove
Sanders_et_al_2016_JGR_Biogeoscience,Darwin,M1081,Aegiceras corniculatum,Genus species,mangrove
Sanders_et_al_2016_JGR_Biogeoscience,Darwin,M1081,Rhizophora stylosa,Genus species,mangrove
Sanders_et_al_2016_JGR_Biogeoscience,Darwin,M1081,Ceriops australis,Genus species,mangrove
Sanders_et_al_2016_JGR_Biogeoscience,Darwin,M1082,Avicennia marina,Genus species,mangrove
Sanders_et_al_2016_JGR_Biogeoscience,Darwin,M1082,Aegiceras corniculatum,Genus species,mangrove
Sanders_et_al_2016_JGR_Biogeoscience,Darwin,M1082,Rhizophora stylosa,Genus species,mangrove
Sanders_et_al_2016_JGR_Biogeoscience,Darwin,M1082,Ceriops australis,Genus species,mangrove
Sanders_et_al_2016_JGR_Biogeoscience,Darwin,M1083,Avicennia marina,Genus species,mangrove
Sanders_et_al_2016_JGR_Biogeoscience,Darwin,M1083,Aegiceras corniculatum,Genus species,mangrove
Sanders_et_al_2016_JGR_Biogeoscience,Darwin,M1083,Rhizophora stylosa,Genus species,mangrove
Sanders_et_al_2016_JGR_Biogeoscience,Darwin,M1083,Ceriops australis,Genus species,mangrove
Sanders_et_al_2016_JGR_Biogeoscience,Darwin,M1084,Avicennia marina,Genus species,mangrove
Sanders_et_al_2016_JGR_Biogeoscience,Darwin,M1084,Aegiceras corniculatum,Genus species,mangrove
Sanders_et_al_2016_JGR_Biogeoscience,Darwin,M1084,Rhizophora stylosa,Genus species,mangrove
Sanders_et_al_2016_JGR_Biogeoscience,Darwin,M1084,Ceriops australis,Genus species,mangrove
Sanders_et_al_2016_JGR_Biogeoscience,Darwin,M1085,Avicennia marina,Genus species,mangrove
Sanders_et_al_2016_JGR_Biogeoscience,Darwin,M1085,Aegiceras corniculatum,Genus species,mangrove
Sanders_et_al_2016_JGR_Biogeoscience,Darwin,M1085,Rhizophora stylosa,Genus species,mangrove
Sanders_et_al_2016_JGR_Biogeoscience,Darwin,M1085,Ceriops australis,Genus species,mangrove
Sanders_et_al_2016_JGR_Biogeoscience,Darwin,M1086,Avicennia marina,Genus species,mangrove
Sanders_et_al_2016_JGR_Biogeoscience,Darwin,M1086,Aegiceras corniculatum,Genus species,mangrove
Sanders_et_al_2016_JGR_Biogeoscience,Darwin,M1086,Rhizophora stylosa,Genus species,mangrove
Sanders_et_al_2016_JGR_Biogeoscience,Darwin,M1086,Ceriops australis,Genus species,mangrove
Sanders_et_al_2016_JGR_Biogeoscience,"Hinchinbrook Island, QLD",M1087,Rhizophora stylosa,Genus species,mangrove
Sanders_et_al_2016_JGR_Biogeoscience,"Hinchinbrook Island, QLD",M1088,Rhizophora stylosa,Genus species,mangrove
Sanders_et_al_2016_JGR_Biogeoscience,"Hinchinbrook Island, QLD",M1089,Rhizophora stylosa,Genus species,mangrove
Sanders_et_al_2016_JGR_Biogeoscience,"Hinchinbrook Island, QLD",M1090,Rhizophora stylosa,Genus species,mangrove
Sanders_et_al_2016_JGR_Biogeoscience,"Hinchinbrook Island, QLD",M1091,Rhizophora stylosa,Genus species,mangrove
Sanders_et_al_2016_JGR_Biogeoscience,"Hinchinbrook Island, QLD",M1092,Rhizophora stylosa,Genus species,mangrove
Sanders_et_al_2016_JGR_Biogeoscience,"Seventeen Seventy, QLD",M1093,Rhizophora stylosa,Genus species,mangrove
Sanders_et_al_2016_JGR_Biogeoscience,"Seventeen Seventy, QLD",M1094,Rhizophora stylosa,Genus species,mangrove
Sanders_et_al_2016_JGR_Biogeoscience,"Seventeen Seventy, QLD",M1095,Rhizophora stylosa,Genus species,mangrove
Sanders_et_al_2016_JGR_Biogeoscience,"Seventeen Seventy, QLD",M1096,Rhizophora stylosa,Genus species,mangrove
Sanders_et_al_2016_JGR_Biogeoscience,"Seventeen Seventy, QLD",M1097,Rhizophora stylosa,Genus species,mangrove
Sanders_et_al_2016_JGR_Biogeoscience,"Seventeen Seventy, QLD",M1098,Rhizophora stylosa,Genus species,mangrove
Sanders_et_al_2016_JGR_Biogeoscience,"Barwon Heads, Victoria",M1099,Avicennia marina,Genus species,mangrove
Sanders_et_al_2016_JGR_Biogeoscience,"Barwon Heads, Victoria",M1100,Avicennia marina,Genus species,mangrove
Sanders_et_al_2016_JGR_Biogeoscience,"Barwon Heads, Victoria",M1101,Avicennia marina,Genus species,mangrove
Sanders_et_al_2016_JGR_Biogeoscience,"Barwon Heads, Victoria",M1102,Avicennia marina,Genus species,mangrove
Sanders_et_al_2016_JGR_Biogeoscience,"New Castle, NSW",M1103,Avicennia marina,Genus species,mangrove
Sanders_et_al_2016_JGR_Biogeoscience,"New Castle, NSW",M1104,Avicennia marina,Genus species,mangrove
Sanders_et_al_2016_JGR_Biogeoscience,"New Castle, NSW",M1105,Avicennia marina,Genus species,mangrove
Sanders_et_al_2016_JGR_Biogeoscience,"New Castle, NSW",M1106,Avicennia marina,Genus species,mangrove
Sanders_et_al_2016_JGR_Biogeoscience,"New Castle, NSW",M1107,Avicennia marina,Genus species,mangrove
Sanders_et_al_2016_JGR_Biogeoscience,"New Castle, NSW",M1108,Avicennia marina,Genus species,mangrove
Sitoe_et_al_2014,Sofala Bay,M0369,Avicennia marina,Genus species,mangrove
Thompson_et_al_2014,Panay Island,M0447,Sonneratia alba,Genus species,mangrove
Thompson_et_al_2014,Panay Island,M0448,Sonneratia alba,Genus species,mangrove
Thompson_et_al_2014,Panay Island,M0449,Sonneratia alba,Genus species,mangrove
Trettin_et_al_2017,1001,NA,Heritiera littoralis,Genus species,mangrove
Trettin_et_al_2017,1079,NA,Bruguiera gymnorrhiza,Genus species,mangrove
Trettin_et_al_2017,1079,NA,Rhizophora mucronata,Genus species,mangrove
Trettin_et_al_2017,1113,NA,Bruguiera gymnorrhiza,Genus species,mangrove
Trettin_et_al_2017,1130,NA,Xylocarpus granatum,Genus species,mangrove
Trettin_et_al_2017,1216,NA,Bruguiera gymnorrhiza,Genus species,mangrove
Trettin_et_al_2017,1219,NA,Xylocarpus granatum,Genus species,mangrove
Trettin_et_al_2017,1254,NA,Avicennia marina,Genus species,mangrove
Trettin_et_al_2017,1254,NA,Rhizophora mucronata,Genus species,mangrove
Trettin_et_al_2017,1285,NA,Avicennia marina,Genus species,mangrove
Trettin_et_al_2017,1285,NA,Xylocarpus granatum,Genus species,mangrove
Trettin_et_al_2017,13,NA,Ceriops tagal,Genus species,mangrove
Trettin_et_al_2017,1305,NA,Xylocarpus granatum,Genus species,mangrove
Trettin_et_al_2017,1314,NA,Avicennia marina,Genus species,mangrove
Trettin_et_al_2017,1317,NA,Avicennia marina,Genus species,mangrove
Trettin_et_al_2017,1359,NA,Rhizophora mucronata,Genus species,mangrove
Trettin_et_al_2017,1361,NA,Ceriops tagal,Genus species,mangrove
Trettin_et_al_2017,1382,NA,Rhizophora mucronata,Genus species,mangrove
Trettin_et_al_2017,15,NA,Ceriops tagal,Genus species,mangrove
Trettin_et_al_2017,16,NA,Xylocarpus granatum,Genus species,mangrove
Trettin_et_al_2017,17,NA,Ceriops tagal,Genus species,mangrove
Trettin_et_al_2017,25,NA,Rhizophora mucronata,Genus species,mangrove
Trettin_et_al_2017,26,NA,Ceriops tagal,Genus species,mangrove
Trettin_et_al_2017,27,NA,Avicennia marina,Genus species,mangrove
Trettin_et_al_2017,29,NA,Avicennia marina,Genus species,mangrove
Trettin_et_al_2017,32B,NA,Sonneratia alba,Genus species,mangrove
Trettin_et_al_2017,35,NA,Xylocarpus granatum,Genus species,mangrove
Trettin_et_al_2017,36,NA,Xylocarpus granatum,Genus species,mangrove
Trettin_et_al_2017,37,NA,Rhizophora mucronata,Genus species,mangrove
Trettin_et_al_2017,806,NA,Xylocarpus granatum,Genus species,mangrove
Trettin_et_al_2017,864,NA,Bruguiera gymnorrhiza,Genus species,mangrove
Trettin_et_al_2017,9001,NA,Heritiera littoralis,Genus species,mangrove
Trettin_et_al_2017,9002,NA,Bruguiera gymnorrhiza,Genus species,mangrove
Trettin_et_al_2017,9002,NA,Heritiera littoralis,Genus species,mangrove
Trettin_et_al_2017,9003,NA,Rhizophora mucronata,Genus species,mangrove
Trettin_et_al_2017,9003,NA,Sonneratia alba,Genus species,mangrove
Trettin_et_al_2017,9004,NA,Heritiera littoralis,Genus species,mangrove
Trettin_et_al_2017,9005,NA,Heritiera littoralis,Genus species,mangrove
Trettin_et_al_2017,9006,NA,Sonneratia alba,Genus species,mangrove
Trettin_et_al_2017,9006,NA,Xylocarpus granatum,Genus species,mangrove
Trettin_et_al_2017,9007,NA,Avicennia marina,Genus species,mangrove
Trettin_et_al_2017,9008,NA,Heritiera littoralis,Genus species,mangrove
Trettin_et_al_2017,9009,NA,Bruguiera gymnorrhiza,Genus species,mangrove
Trettin_et_al_2017,9010,NA,Ceriops tagal,Genus species,mangrove
Trettin_et_al_2017,9011,NA,Rhizophora mucronata,Genus species,mangrove
Trettin_et_al_2017,9012,NA,Ceriops tagal,Genus species,mangrove
Trettin_et_al_2017,9013,NA,Avicennia marina,Genus species,mangrove
Trettin_et_al_2017,9014,NA,Bruguiera gymnorrhiza,Genus species,mangrove
Trettin_et_al_2017,9014,NA,Xylocarpus granatum,Genus species,mangrove
Trettin_et_al_2017,9017,NA,Ceriops tagal,Genus species,mangrove
Trettin_et_al_2017,9018,NA,Avicennia marina,Genus species,mangrove
Trettin_et_al_2017,9019,NA,Ceriops tagal,Genus species,mangrove
Trettin_et_al_2017,9019,NA,Xylocarpus granatum,Genus species,mangrove
Trettin_et_al_2017,9020,NA,Avicennia marina,Genus species,mangrove
Trettin_et_al_2017,9021,NA,Rhizophora mucronata,Genus species,mangrove
Trettin_et_al_2017,9022,NA,Avicennia marina,Genus species,mangrove
Trettin_et_al_2017,9023,NA,Rhizophora mucronata,Genus species,mangrove
Trettin_et_al_2017,9024,NA,Heritiera littoralis,Genus species,mangrove
Trettin_et_al_2017,9025,NA,Sonneratia alba,Genus species,mangrove
Trettin_et_al_2017,9027,NA,Ceriops tagal,Genus species,mangrove
Upkong_1997,Creek Town,M0518,Rhizophora racemosa,Genus species,mangrove
Upkong_1997,Creek Town,M0518,Rhizophora mangle,Genus species,mangrove
Upkong_1997,Creek Town,M0518,Avicennia africana,Genus species,mangrove
Upkong_1997,Creek Town,M0519,Rhizophora racemosa,Genus species,mangrove
Upkong_1997,Creek Town,M0519,Rhizophora mangle,Genus species,mangrove
Upkong_1997,Creek Town,M0519,Avicennia africana,Genus species,mangrove
Upkong_1997,Creek Town,M0520,Rhizophora racemosa,Genus species,mangrove
Upkong_1997,Creek Town,M0520,Rhizophora mangle,Genus species,mangrove
Upkong_1997,Creek Town,M0520,Avicennia africana,Genus species,mangrove
Upkong_1997,Creek Town,M0521,Rhizophora racemosa,Genus species,mangrove
Upkong_1997,Creek Town,M0521,Rhizophora mangle,Genus species,mangrove
Upkong_1997,Creek Town,M0521,Avicennia africana,Genus species,mangrove
Wang_et_al_2013,Yingluo Bay,M0389,Bruguiera gymnorrhiza,Genus species,mangrove
Wang_et_al_2013,Yingluo Bay,M0390,Avicennia corniculatum,Genus species,mangrove
Wang_et_al_2013,Yingluo Bay,M0390,Kandelia obovata,Genus species,mangrove
Wang_et_al_2013,Yingluo Bay,M0391,Sonneratia apetala,Genus species,mangrove
Wang_et_al_2013,Yingluo Bay,M0392,Rhizophora stylosa,Genus species,mangrove
Wang_et_al_2013,Yingluo Bay,M0393,Avicennia marina,Genus species,mangrove
Yando_et_al_2016,"Port Aransas, Texas",M0967,Avicennia germinans,Genus species,mangrove
Yando_et_al_2016,"Port Fourchon, Louisiana",M0968,Avicennia germinans,Genus species,mangrove
Yando_et_al_2016,"Cedar Key, Florida",M0969,Avicennia germinans,Genus species,mangrove
Yang_et_al_2013,Waitemata Harbour,M0662,Avicennia marina,Genus species,mangrove
Yang_et_al_2013,Waitemata Harbour,M0663,Avicennia marina,Genus species,mangrove
Yang_et_al_2013,Waitemata Harbour,M0664,Avicennia marina,Genus species,mangrove
Zhang_and_Lin_1998,Fujian,M0450,Kandelia candel,Genus species,mangrove
Zhang_and_Lin_1998,Fujian,M0451,Avicennia marina,Genus species,mangrove
