territory,habitat,mid,lowerCI,upperCI,mid_point,variable
Cabo Verde,mangrove,NA,NA,NA,NA,Area (hectare)
Cabo Verde,marsh,NA,NA,NA,NA,Area (hectare)
Cabo Verde,seagrass,NA,NA,NA,0.002,Area (hectare)
Nauru,mangrove,2.563445520019531,2.250867905825123,2.9717382699447934,NA,Area (hectare)
Nauru,marsh,0,0,0,NA,Area (hectare)
Nauru,seagrass,NA,NA,NA,NA,Area (hectare)
Saint Barthelemy,mangrove,2.9658124816894533,2.6041716422666505,3.4381922238976776,NA,Area (hectare)
Saint Barthelemy,marsh,0,0,0,NA,Area (hectare)
Saint Barthelemy,seagrass,NA,NA,NA,NA,Area (hectare)
Israel,mangrove,0,0,0,NA,Area (hectare)
Israel,marsh,9.182645513916016,5.562029799749054,10.380834886949687,NA,Area (hectare)
Israel,seagrass,NA,NA,NA,NA,Area (hectare)
Syria,mangrove,0,0,0,NA,Area (hectare)
Syria,marsh,12.165178649902344,7.368583058932907,13.752541219575683,NA,Area (hectare)
Syria,seagrass,NA,NA,NA,NA,Area (hectare)
Canarias,mangrove,0,0,0,NA,Area (hectare)
Canarias,marsh,12.711602993092256,7.699558318244042,14.370265259588788,NA,Area (hectare)
Canarias,seagrass,NA,NA,NA,NA,Area (hectare)
Saint Martin,mangrove,15.191869620433136,13.33942597611831,17.61155444517068,NA,Area (hectare)
Saint Martin,marsh,0,0,0,NA,Area (hectare)
Saint Martin,seagrass,NA,NA,NA,NA,Area (hectare)
Réunion,mangrove,0,0,0,NA,Area (hectare)
Réunion,marsh,21.063476586914067,12.758380391052526,23.811925687702782,NA,Area (hectare)
Réunion,seagrass,NA,NA,NA,NA,Area (hectare)
Aruba,mangrove,73.25662073766371,64.32396367306221,84.92456799756289,NA,Area (hectare)
Aruba,marsh,0,0,0,NA,Area (hectare)
Aruba,seagrass,NA,NA,NA,NA,Area (hectare)
Jordan,mangrove,NA,NA,NA,NA,Area (hectare)
Jordan,marsh,NA,NA,NA,NA,Area (hectare)
Jordan,seagrass,NA,NA,NA,137,Area (hectare)
Slovenia,mangrove,0,0,0,NA,Area (hectare)
Slovenia,marsh,139.53107912657498,84.5155155904727,157.7376684982347,NA,Area (hectare)
Slovenia,seagrass,NA,NA,NA,8,Area (hectare)
Iraq,mangrove,0,0,0,NA,Area (hectare)
Iraq,marsh,179.71506682052316,108.85540072355062,203.16502826268675,NA,Area (hectare)
Iraq,seagrass,NA,NA,NA,NA,Area (hectare)
Bonaire,mangrove,219.17305991881128,192.44786071715706,254.08184602131595,NA,Area (hectare)
Bonaire,marsh,0,0,0,NA,Area (hectare)
Bonaire,seagrass,NA,NA,NA,NA,Area (hectare)
Dominica,mangrove,NA,NA,NA,NA,Area (hectare)
Dominica,marsh,NA,NA,NA,NA,Area (hectare)
Dominica,seagrass,NA,NA,NA,265,Area (hectare)
Saint Pierre and Miquelon,mangrove,0,0,0,NA,Area (hectare)
Saint Pierre and Miquelon,marsh,272.82772579807647,165.25476659062764,308.4274101401099,NA,Area (hectare)
Saint Pierre and Miquelon,seagrass,NA,NA,NA,NA,Area (hectare)
Oman,mangrove,232.064671155599,203.7675138015101,269.0267684604402,NA,Area (hectare)
Oman,marsh,82.57630041503907,50.01737712355714,93.35119589279569,NA,Area (hectare)
Oman,seagrass,NA,NA,NA,NA,Area (hectare)
Guam,mangrove,31.006784185719212,27.22592496756069,35.94538931021196,NA,Area (hectare)
Guam,marsh,0,0,0,NA,Area (hectare)
Guam,seagrass,NA,NA,NA,307,Area (hectare)
Saint Vincent and the Grenadines,mangrove,46.53762900735294,40.862992690029515,53.94990922708978,NA,Area (hectare)
Saint Vincent and the Grenadines,marsh,0,0,0,NA,Area (hectare)
Saint Vincent and the Grenadines,seagrass,NA,NA,NA,320,Area (hectare)
Namibia,mangrove,0,0,0,NA,Area (hectare)
Namibia,marsh,446.56362700168984,270.4885206668707,504.83308665206164,NA,Area (hectare)
Namibia,seagrass,NA,NA,NA,NA,Area (hectare)
Iceland,mangrove,NA,NA,NA,NA,Area (hectare)
Iceland,marsh,NA,NA,NA,NA,Area (hectare)
Iceland,seagrass,NA,NA,NA,500,Area (hectare)
Djibouti,mangrove,533.5000753703997,468.44693520046707,618.4732925334685,NA,Area (hectare)
Djibouti,marsh,0,0,0,NA,Area (hectare)
Djibouti,seagrass,NA,NA,NA,NA,Area (hectare)
Congo,mangrove,353.60366523882703,310.48646645790325,409.92388415376325,NA,Area (hectare)
Congo,marsh,203.68229158325195,123.37261345331997,230.2595951370424,NA,Area (hectare)
Congo,seagrass,NA,NA,NA,NA,Area (hectare)
French Southern Territories,mangrove,570.8453322627288,501.2384415996737,661.766714703411,NA,Area (hectare)
French Southern Territories,marsh,0,0,0,NA,Area (hectare)
French Southern Territories,seagrass,NA,NA,NA,NA,Area (hectare)
Singapore,mangrove,580.7095356470442,509.8998383958568,673.2020389460209,NA,Area (hectare)
Singapore,marsh,0,0,0,NA,Area (hectare)
Singapore,seagrass,NA,NA,NA,33.7,Area (hectare)
Bosnia and Herzegovina,mangrove,0,0,0,NA,Area (hectare)
Bosnia and Herzegovina,marsh,636.2995038603182,385.4136366990543,719.3264814820313,NA,Area (hectare)
Bosnia and Herzegovina,seagrass,NA,NA,NA,NA,Area (hectare)
Belgium,mangrove,0,0,0,NA,Area (hectare)
Belgium,marsh,680.5881743058026,412.2397735063324,769.3941198941163,NA,Area (hectare)
Belgium,seagrass,NA,NA,NA,NA,Area (hectare)
Northern Mariana Islands,mangrove,27.14599829063266,23.83590985132509,31.469676794814184,NA,Area (hectare)
Northern Mariana Islands,marsh,0,0,0,NA,Area (hectare)
Northern Mariana Islands,seagrass,NA,NA,NA,670,Area (hectare)
Falkland Islands,mangrove,0,0,0,NA,Area (hectare)
Falkland Islands,marsh,734.4327710434619,444.8540404032164,830.2645811833992,NA,Area (hectare)
Falkland Islands,seagrass,NA,NA,NA,NA,Area (hectare)
Saint Lucia,mangrove,139.16074779770793,122.19197112724221,161.3255739881819,NA,Area (hectare)
Saint Lucia,marsh,0,0,0,NA,Area (hectare)
Saint Lucia,seagrass,NA,NA,NA,665,Area (hectare)
Curacao,mangrove,78.45165415019912,68.88553281375377,90.94704028539046,NA,Area (hectare)
Curacao,marsh,0,0,0,NA,Area (hectare)
Curacao,seagrass,NA,NA,NA,800,Area (hectare)
Grenada,mangrove,210.23294316705443,184.597870649607,243.71779229694897,NA,Area (hectare)
Grenada,marsh,0,0,0,NA,Area (hectare)
Grenada,seagrass,NA,NA,NA,709,Area (hectare)
Seychelles,mangrove,1089.78067351225,956.8966156060618,1263.3554752893249,NA,Area (hectare)
Seychelles,marsh,0,0,0,NA,Area (hectare)
Seychelles,seagrass,NA,NA,NA,NA,Area (hectare)
Montserrat,mangrove,NA,NA,NA,NA,Area (hectare)
Montserrat,marsh,NA,NA,NA,NA,Area (hectare)
Montserrat,seagrass,NA,NA,NA,1307,Area (hectare)
Anguilla,mangrove,4.963787585449219,4.358520623966957,5.754394784814431,NA,Area (hectare)
Anguilla,marsh,0,0,0,NA,Area (hectare)
Anguilla,seagrass,NA,NA,NA,1370,Area (hectare)
Libya,mangrove,0,0,0,NA,Area (hectare)
Libya,marsh,231.9130986406154,140.4723250654106,262.17407406838106,NA,Area (hectare)
Libya,seagrass,NA,NA,NA,1155,Area (hectare)
Bermuda,mangrove,NA,NA,NA,NA,Area (hectare)
Bermuda,marsh,NA,NA,NA,NA,Area (hectare)
Bermuda,seagrass,NA,NA,NA,1625,Area (hectare)
Palestinian Territory,mangrove,NA,NA,NA,NA,Area (hectare)
Palestinian Territory,marsh,NA,NA,NA,NA,Area (hectare)
Palestinian Territory,seagrass,NA,NA,NA,1745,Area (hectare)
Comoros,mangrove,108.96542810759898,95.67856350230554,126.32089516995187,NA,Area (hectare)
Comoros,marsh,15.081191412353515,9.134844193223962,17.04904732659783,NA,Area (hectare)
Comoros,seagrass,NA,NA,NA,2131,Area (hectare)
Côte d'Ivoire,mangrove,1989.2327155709777,1746.6726098637566,2306.0677289695004,NA,Area (hectare)
Côte d'Ivoire,marsh,300.4633496555703,181.99396916542958,339.6690439184946,NA,Area (hectare)
Côte d'Ivoire,seagrass,NA,NA,NA,NA,Area (hectare)
Bulgaria,mangrove,0,0,0,NA,Area (hectare)
Bulgaria,marsh,2117.12410246393,1282.3654501119454,2393.3751672710614,NA,Area (hectare)
Bulgaria,seagrass,NA,NA,NA,295,Area (hectare)
Wallis and Futuna,mangrove,17.56200729408414,15.420557320765498,20.35919576417673,NA,Area (hectare)
Wallis and Futuna,marsh,0,0,0,NA,Area (hectare)
Wallis and Futuna,seagrass,NA,NA,NA,2430,Area (hectare)
Somalia,mangrove,2467.800387308182,2166.88540731401,2860.859260037027,NA,Area (hectare)
Somalia,marsh,31.8792226831294,19.30959724925557,36.03895484110203,NA,Area (hectare)
Somalia,seagrass,NA,NA,NA,NA,Area (hectare)
Sint Maarten,mangrove,0.05913104985255821,0.05192081568008303,0.0685491470041157,NA,Area (hectare)
Sint Maarten,marsh,0,0,0,NA,Area (hectare)
Sint Maarten,seagrass,NA,NA,NA,2734,Area (hectare)
French Polynesia,mangrove,1.658810406494141,1.456540845774612,1.9230174111614275,NA,Area (hectare)
French Polynesia,marsh,0,0,0,NA,Area (hectare)
French Polynesia,seagrass,NA,NA,NA,2870,Area (hectare)
Montenegro,mangrove,0,0,0,NA,Area (hectare)
Montenegro,marsh,2885.810280745299,1747.9671575694388,3262.362681220764,NA,Area (hectare)
Montenegro,seagrass,NA,NA,NA,NA,Area (hectare)
Mauritius,mangrove,22.573217227663527,19.820717776978338,26.168566090967175,NA,Area (hectare)
Mauritius,marsh,0,0,0,NA,Area (hectare)
Mauritius,seagrass,NA,NA,NA,3000,Area (hectare)
Mauritania,mangrove,26.57986772432215,23.338811273546373,30.813375790345148,NA,Area (hectare)
Mauritania,marsh,3114.923529781566,1886.7435828083123,3521.371569787103,NA,Area (hectare)
Mauritania,seagrass,NA,NA,NA,NA,Area (hectare)
Finland,mangrove,0,0,0,NA,Area (hectare)
Finland,marsh,919.0940333659212,556.7054063674443,1039.021204890597,NA,Area (hectare)
Finland,seagrass,NA,NA,NA,3000,Area (hectare)
British Virgin Islands,mangrove,77.41188000193878,67.97254510196187,89.7416561239744,NA,Area (hectare)
British Virgin Islands,marsh,0,0,0,NA,Area (hectare)
British Virgin Islands,seagrass,NA,NA,NA,3991,Area (hectare)
Lithuania,mangrove,0,0,0,NA,Area (hectare)
Lithuania,marsh,4199.755016810253,2543.837995242671,4747.7563333002445,NA,Area (hectare)
Lithuania,seagrass,NA,NA,NA,NA,Area (hectare)
Morocco,mangrove,0,0,0,NA,Area (hectare)
Morocco,marsh,4609.741128295157,2792.1711108035906,5211.239119695244,NA,Area (hectare)
Morocco,seagrass,NA,NA,NA,NA,Area (hectare)
Kuwait,mangrove,0,0,0,NA,Area (hectare)
Kuwait,marsh,100.301938261623,60.75399172692482,113.38974790619936,NA,Area (hectare)
Kuwait,seagrass,NA,NA,NA,5000,Area (hectare)
Martinique,mangrove,1076.1296096507351,944.9101149036716,1247.5301384191212,NA,Area (hectare)
Martinique,marsh,0,0,0,NA,Area (hectare)
Martinique,seagrass,NA,NA,NA,4100,Area (hectare)
Peru,mangrove,4152.285516313671,3645.9702894024185,4813.640734784484,NA,Area (hectare)
Peru,marsh,1130.2988633622952,684.6345044155505,1277.7849102079804,NA,Area (hectare)
Peru,seagrass,NA,NA,NA,NA,Area (hectare)
Timor-Leste,mangrove,1013.5807087431303,889.988209016438,1175.0187621801997,NA,Area (hectare)
Timor-Leste,marsh,34.09663980712891,20.652711290135006,38.545709676062145,NA,Area (hectare)
Timor-Leste,seagrass,NA,NA,NA,4266,Area (hectare)
Eritrea,mangrove,5496.288309518346,4826.090065281515,6371.709554381868,NA,Area (hectare)
Eritrea,marsh,0,0,0,NA,Area (hectare)
Eritrea,seagrass,NA,NA,NA,313,Area (hectare)
Saint Kitts and Nevis,mangrove,51.90686580295936,45.57752346028507,60.17433113942977,NA,Area (hectare)
Saint Kitts and Nevis,marsh,0,0,0,NA,Area (hectare)
Saint Kitts and Nevis,seagrass,NA,NA,NA,6042,Area (hectare)
Trinidad and Tobago,mangrove,6323.9436454463475,5552.823993573096,7331.189682550349,NA,Area (hectare)
Trinidad and Tobago,marsh,69.19762915649414,41.91376818991126,78.22682055550719,NA,Area (hectare)
Trinidad and Tobago,seagrass,NA,NA,NA,112,Area (hectare)
Georgia,mangrove,0,0,0,NA,Area (hectare)
Georgia,marsh,6916.706712381111,4189.525642919194,7819.227066303761,NA,Area (hectare)
Georgia,seagrass,NA,NA,NA,NA,Area (hectare)
Algeria,mangrove,0,0,0,NA,Area (hectare)
Algeria,marsh,2897.0361866119742,1754.7668127303618,3275.0533894792707,NA,Area (hectare)
Algeria,seagrass,NA,NA,NA,4056,Area (hectare)
Malta,mangrove,NA,NA,NA,NA,Area (hectare)
Malta,marsh,NA,NA,NA,NA,Area (hectare)
Malta,seagrass,NA,NA,NA,7056,Area (hectare)
Norway,mangrove,0,0,0,NA,Area (hectare)
Norway,marsh,555.3789903934734,336.39918801631904,627.8471264319561,NA,Area (hectare)
Norway,seagrass,NA,NA,NA,6637.000000000001,Area (hectare)
Cyprus,mangrove,0,0,0,NA,Area (hectare)
Cyprus,marsh,324.9966718261719,196.85407334705533,367.4035749199803,NA,Area (hectare)
Cyprus,seagrass,NA,NA,NA,7004,Area (hectare)
Liberia,mangrove,7805.309361820498,6853.557136421716,9048.49990301476,NA,Area (hectare)
Liberia,marsh,57.74904014282227,34.97923138756803,65.28437253664741,NA,Area (hectare)
Liberia,seagrass,NA,NA,NA,NA,Area (hectare)
US Virgin Islands,mangrove,185.9726113614191,163.29575916741837,215.5933964768201,NA,Area (hectare)
US Virgin Islands,marsh,0,0,0,NA,Area (hectare)
US Virgin Islands,seagrass,NA,NA,NA,8409,Area (hectare)
North Korea,mangrove,0,0,0,NA,Area (hectare)
North Korea,marsh,8811.67630984873,5337.329655908753,9961.460094605845,NA,Area (hectare)
North Korea,seagrass,NA,NA,NA,NA,Area (hectare)
Barbados,mangrove,34.89502379150391,30.640046184676404,40.452928225701534,NA,Area (hectare)
Barbados,marsh,0,0,0,NA,Area (hectare)
Barbados,seagrass,NA,NA,NA,9017,Area (hectare)
Brunei,mangrove,10897.136578377893,9568.377715894238,12632.777856942366,NA,Area (hectare)
Brunei,marsh,38.32652387084961,23.214798781832698,43.32752641829406,NA,Area (hectare)
Brunei,seagrass,NA,NA,NA,NA,Area (hectare)
Guadeloupe,mangrove,3000.738882327642,2634.8392393146623,3478.681526516888,NA,Area (hectare)
Guadeloupe,marsh,0,0,0,NA,Area (hectare)
Guadeloupe,seagrass,NA,NA,NA,8200,Area (hectare)
Equatorial Guinea,mangrove,12673.725328361335,11128.335424360474,14692.332755631596,NA,Area (hectare)
Equatorial Guinea,marsh,27.092528076171877,16.410243462174456,30.62767262468901,NA,Area (hectare)
Equatorial Guinea,seagrass,NA,NA,NA,NA,Area (hectare)
Albania,mangrove,0,0,0,NA,Area (hectare)
Albania,marsh,8590.465595664544,5203.339883304375,9711.384896157837,NA,Area (hectare)
Albania,seagrass,NA,NA,NA,4406,Area (hectare)
Palau,mangrove,5612.048089753781,4927.734501288614,6505.906972021319,NA,Area (hectare)
Palau,marsh,0,0,0,NA,Area (hectare)
Palau,seagrass,NA,NA,NA,7998,Area (hectare)
Cayman Islands,mangrove,7545.221162515845,6625.183185843577,8746.986159344959,NA,Area (hectare)
Cayman Islands,marsh,67.91645802298751,41.137748685255104,76.77847694051047,NA,Area (hectare)
Cayman Islands,seagrass,NA,NA,NA,6390,Area (hectare)
Micronesia,mangrove,9406.40783512781,8259.423241040771,10904.613313625205,NA,Area (hectare)
Micronesia,marsh,0,0,0,NA,Area (hectare)
Micronesia,seagrass,NA,NA,NA,4869,Area (hectare)
Sweden,mangrove,0,0,0,NA,Area (hectare)
Sweden,marsh,13303.231793345994,8057.914416431018,15039.092220238721,NA,Area (hectare)
Sweden,seagrass,NA,NA,NA,1825,Area (hectare)
Ireland,mangrove,0,0,0,NA,Area (hectare)
Ireland,marsh,14933.481103135866,9045.374427636947,16882.06316840889,NA,Area (hectare)
Ireland,seagrass,NA,NA,NA,1710,Area (hectare)
Latvia,mangrove,0,0,0,NA,Area (hectare)
Latvia,marsh,17386.1773217883,10530.999614540076,19654.79728246037,NA,Area (hectare)
Latvia,seagrass,NA,NA,NA,NA,Area (hectare)
Poland,mangrove,0,0,0,NA,Area (hectare)
Poland,marsh,17726.68909170813,10737.251354149232,20039.740429317546,NA,Area (hectare)
Poland,seagrass,NA,NA,NA,265,Area (hectare)
Portugal,mangrove,0,0,0,NA,Area (hectare)
Portugal,marsh,17113.647422986734,10365.9252450504,19346.706561008832,NA,Area (hectare)
Portugal,seagrass,NA,NA,NA,1691,Area (hectare)
Togo,mangrove,144.0890219665527,126.51930871687634,167.03879895745092,NA,Area (hectare)
Togo,marsh,567.640457989502,343.8260943533236,641.7085207755755,NA,Area (hectare)
Togo,seagrass,NA,NA,NA,18889,Area (hectare)
Netherlands,mangrove,0,0,0,NA,Area (hectare)
Netherlands,marsh,20001.804852331858,12115.314096448363,22611.722656437185,NA,Area (hectare)
Netherlands,seagrass,NA,NA,NA,276,Area (hectare)
Democratic Republic of the Congo,mangrove,20425.148104235966,17934.57671735474,23678.363287465498,NA,Area (hectare)
Democratic Republic of the Congo,marsh,254.00552694544177,153.8539528756146,287.14921332826225,NA,Area (hectare)
Democratic Republic of the Congo,seagrass,NA,NA,NA,NA,Area (hectare)
Guyana,mangrove,20359.90119306479,17877.285787174056,23602.724175415402,NA,Area (hectare)
Guyana,marsh,3740.49528603688,2265.6593043071343,4228.570503012192,NA,Area (hectare)
Guyana,seagrass,NA,NA,NA,NA,Area (hectare)
Antigua and Barbuda,mangrove,921.8812352540735,809.470249790994,1068.7138563130595,NA,Area (hectare)
Antigua and Barbuda,marsh,43.62834771728515,26.426172038287508,49.32115405709732,NA,Area (hectare)
Antigua and Barbuda,seagrass,NA,NA,NA,25101,Area (hectare)
South Korea,mangrove,0,0,0,NA,Area (hectare)
South Korea,marsh,19347.05367490345,11718.724077291177,21871.536851091685,NA,Area (hectare)
South Korea,seagrass,NA,NA,NA,7000,Area (hectare)
Turkey,mangrove,0,0,0,NA,Area (hectare)
Turkey,marsh,27065.539451589266,16393.896154205828,30597.162413313283,NA,Area (hectare)
Turkey,seagrass,NA,NA,NA,231,Area (hectare)
Kiribati,mangrove,17.82347323120117,15.650141012608003,20.66230668483001,NA,Area (hectare)
Kiribati,marsh,0,0,0,NA,Area (hectare)
Kiribati,seagrass,NA,NA,NA,27786,Area (hectare)
Uruguay,mangrove,0,0,0,NA,Area (hectare)
Uruguay,marsh,30830.087188483616,18674.124293629542,34852.923829946114,NA,Area (hectare)
Uruguay,seagrass,NA,NA,NA,NA,Area (hectare)
El Salvador,mangrove,33594.80797582847,29498.37415486561,38945.6205538768,NA,Area (hectare)
El Salvador,marsh,395.2587894104004,239.41261393372022,446.8337827336183,NA,Area (hectare)
El Salvador,seagrass,NA,NA,NA,NA,Area (hectare)
Croatia,mangrove,0,0,0,NA,Area (hectare)
Croatia,marsh,5435.881462294108,3292.573434895618,6145.177644023105,NA,Area (hectare)
Croatia,seagrass,NA,NA,NA,29966,Area (hectare)
Guatemala,mangrove,34562.32593733862,30347.916347537583,40067.23992539235,NA,Area (hectare)
Guatemala,marsh,1317.1343201917705,797.802804004206,1488.9994262682308,NA,Area (hectare)
Guatemala,seagrass,NA,NA,NA,481,Area (hectare)
Bahrain,mangrove,84.12919578515147,73.87077480555658,97.52887228612059,NA,Area (hectare)
Bahrain,marsh,0,0,0,NA,Area (hectare)
Bahrain,seagrass,NA,NA,NA,36598,Area (hectare)
American Samoa,mangrove,NA,NA,NA,NA,Area (hectare)
American Samoa,marsh,NA,NA,NA,NA,Area (hectare)
American Samoa,seagrass,NA,NA,NA,38114,Area (hectare)
Costa Rica,mangrove,38794.395821399805,34063.94237689896,44973.37268199942,NA,Area (hectare)
Costa Rica,marsh,1582.3950128504612,958.4741350529551,1788.872425646758,NA,Area (hectare)
Costa Rica,seagrass,NA,NA,NA,16,Area (hectare)
Kenya,mangrove,32027.00631160523,28121.744762456125,37128.107301159085,NA,Area (hectare)
Kenya,marsh,174.16964630126955,105.49647827211922,196.89601845480132,NA,Area (hectare)
Kenya,seagrass,NA,NA,NA,11322,Area (hectare)
Estonia,mangrove,0,0,0,NA,Area (hectare)
Estonia,marsh,29610.32685709311,17935.301990028223,33474.004151229696,NA,Area (hectare)
Estonia,seagrass,NA,NA,NA,15500,Area (hectare)
Saudi Arabia,mangrove,8104.606409818881,7116.358945310024,9395.467484214425,NA,Area (hectare)
Saudi Arabia,marsh,143.56556077854532,86.95924568337381,162.2985859179546,NA,Area (hectare)
Saudi Arabia,seagrass,NA,NA,NA,37000,Area (hectare)
United States Minor Outlying Islands,mangrove,NA,NA,NA,NA,Area (hectare)
United States Minor Outlying Islands,marsh,NA,NA,NA,NA,Area (hectare)
United States Minor Outlying Islands,seagrass,NA,NA,NA,48716,Area (hectare)
South Africa,mangrove,1352.777276690722,1187.8243294241956,1568.2408588199237,NA,Area (hectare)
South Africa,marsh,9865.9862668492,5975.936840529121,11153.340753257284,NA,Area (hectare)
South Africa,seagrass,NA,NA,NA,38103,Area (hectare)
Chile,mangrove,0,0,0,NA,Area (hectare)
Chile,marsh,49554.36096252689,30015.62370706763,56020.41789598822,NA,Area (hectare)
Chile,seagrass,NA,NA,NA,200,Area (hectare)
Pakistan,mangrove,50580.15436051102,44412.58658810407,58636.30775024249,NA,Area (hectare)
Pakistan,marsh,216.11527682291663,130.90340992129387,244.31488745223064,NA,Area (hectare)
Pakistan,seagrass,NA,NA,NA,NA,Area (hectare)
Marshall Islands,mangrove,1.184014306640625,1.0396397278748735,1.3725981690374627,NA,Area (hectare)
Marshall Islands,marsh,0,0,0,NA,Area (hectare)
Marshall Islands,seagrass,NA,NA,NA,51070,Area (hectare)
Germany,mangrove,0,0,0,NA,Area (hectare)
Germany,marsh,37660.448333696535,22811.34947292549,42574.53860416753,NA,Area (hectare)
Germany,seagrass,NA,NA,NA,16330,Area (hectare)
Solomon Islands,mangrove,46178.79586110952,40547.914407258206,53533.92293641637,NA,Area (hectare)
Solomon Islands,marsh,0,0,0,NA,Area (hectare)
Solomon Islands,seagrass,NA,NA,NA,7895.999999999999,Area (hectare)
Greece,mangrove,0,0,0,NA,Area (hectare)
Greece,marsh,23068.21036444075,13972.669780125516,26078.245377955147,NA,Area (hectare)
Greece,seagrass,NA,NA,NA,41141,Area (hectare)
Dominican Republic,mangrove,17992.148965329015,15798.249015479456,20857.848244189903,NA,Area (hectare)
Dominican Republic,marsh,1884.4719002209952,1141.4454418320438,2130.365548320936,NA,Area (hectare)
Dominican Republic,seagrass,NA,NA,NA,46020,Area (hectare)
Turks and Caicos Islands,mangrove,17101.44822758325,15016.157221981372,19825.281158696707,NA,Area (hectare)
Turks and Caicos Islands,marsh,43.4397965209961,26.311964496359774,49.107999924832576,NA,Area (hectare)
Turks and Caicos Islands,seagrass,NA,NA,NA,48912,Area (hectare)
Romania,mangrove,0,0,0,NA,Area (hectare)
Romania,marsh,68457.88162529434,41465.69494058581,77390.54772239212,NA,Area (hectare)
Romania,seagrass,NA,NA,NA,NA,Area (hectare)
Puerto Rico,mangrove,8294.338600921776,7282.955854165778,9615.419267444307,NA,Area (hectare)
Puerto Rico,marsh,266.0184092590332,161.13028836170258,300.7295859588692,NA,Area (hectare)
Puerto Rico,seagrass,NA,NA,NA,60392,Area (hectare)
United Kingdom,mangrove,0,0,0,NA,Area (hectare)
United Kingdom,marsh,57790.37948999436,35004.27108669666,65331.10601194899,NA,Area (hectare)
United Kingdom,seagrass,NA,NA,NA,13158.000000000002,Area (hectare)
Samoa,mangrove,379.2056281187049,332.96661519615463,439.60359931902235,NA,Area (hectare)
Samoa,marsh,0,0,0,NA,Area (hectare)
Samoa,seagrass,NA,NA,NA,73412,Area (hectare)
Gambia,mangrove,70613.36236277327,62003.015013775315,81860.30468138594,NA,Area (hectare)
Gambia,marsh,3365.5727744598985,2038.564598448384,3804.7265593270185,NA,Area (hectare)
Gambia,seagrass,NA,NA,NA,NA,Area (hectare)
Japan,mangrove,0,0,0,NA,Area (hectare)
Japan,marsh,27955.227463023093,16932.790008332635,31602.940577524972,NA,Area (hectare)
Japan,seagrass,NA,NA,NA,47457,Area (hectare)
Suriname,mangrove,74555.97970688016,65464.883337285486,86430.88234872067,NA,Area (hectare)
Suriname,marsh,4369.264649773931,2646.511851971615,4939.384280701316,NA,Area (hectare)
Suriname,seagrass,NA,NA,NA,NA,Area (hectare)
Haiti,mangrove,14572.119061233843,12795.245640540812,16893.09312418337,NA,Area (hectare)
Haiti,marsh,4022.042010170588,2436.1952644811636,4546.854602269247,NA,Area (hectare)
Haiti,seagrass,NA,NA,NA,61227,Area (hectare)
Cambodia,mangrove,47387.13476722262,41608.91267770676,54934.72000517256,NA,Area (hectare)
Cambodia,marsh,1722.5838751591225,1043.3880771812915,1947.3537075834408,NA,Area (hectare)
Cambodia,seagrass,NA,NA,NA,33814,Area (hectare)
New Zealand,mangrove,31299.306919661285,27482.778498643114,36284.50359857722,NA,Area (hectare)
New Zealand,marsh,26903.58334816478,16295.797553738992,30414.073611068274,NA,Area (hectare)
New Zealand,seagrass,NA,NA,NA,29400,Area (hectare)
French Guiana,mangrove,87669.33782501635,76979.24426096886,101632.87040066867,NA,Area (hectare)
French Guiana,marsh,537.348028040987,325.4776349877612,607.4634099147163,NA,Area (hectare)
French Guiana,seagrass,NA,NA,NA,NA,Area (hectare)
Angola,mangrove,26861.62135263579,23586.208846214944,31140.005723931205,NA,Area (hectare)
Angola,marsh,1828.869711518363,1107.7665820713535,2067.5081572346394,NA,Area (hectare)
Angola,seagrass,NA,NA,NA,59667,Area (hectare)
Jamaica,mangrove,9564.08096073288,8397.870255133304,11087.399824141266,NA,Area (hectare)
Jamaica,marsh,2195.0425017944335,1329.561485107332,2481.4606799786543,NA,Area (hectare)
Jamaica,seagrass,NA,NA,NA,78116,Area (hectare)
Fiji,mangrove,88529.74967463649,77734.74048781546,102630.32433579685,NA,Area (hectare)
Fiji,marsh,0,0,0,NA,Area (hectare)
Fiji,seagrass,NA,NA,NA,3836,Area (hectare)
Tanzania,mangrove,93124.27060454409,81769.02154548038,107956.63752358979,NA,Area (hectare)
Tanzania,marsh,531.6856545706477,322.04787284224363,601.0621866534289,NA,Area (hectare)
Tanzania,seagrass,NA,NA,NA,4607,Area (hectare)
Vanuatu,mangrove,1353.5042232777316,1188.462634677485,1569.0835898145756,NA,Area (hectare)
Vanuatu,marsh,14.924750793457031,9.040086382648047,16.872193691998135,NA,Area (hectare)
Vanuatu,seagrass,NA,NA,NA,110044,Area (hectare)
United Arab Emirates,mangrove,11903.937565825048,10452.412899205088,13799.937057810472,NA,Area (hectare)
United Arab Emirates,marsh,695.7945543406048,421.45044583074076,786.5846909697684,NA,Area (hectare)
United Arab Emirates,seagrass,NA,NA,NA,102637,Area (hectare)
New Caledonia,mangrove,24289.99372135811,21328.156527267314,28158.78213707022,NA,Area (hectare)
New Caledonia,marsh,158.34757798461914,95.91287675581223,179.00942155674227,NA,Area (hectare)
New Caledonia,seagrass,NA,NA,NA,93600,Area (hectare)
Mayotte,mangrove,499.0025809364469,438.15594502870266,578.4812101482714,NA,Area (hectare)
Mayotte,marsh,0,0,0,NA,Area (hectare)
Mayotte,seagrass,NA,NA,NA,127526,Area (hectare)
Ecuador,mangrove,128751.24988177585,113051.77111450837,149258.10343493594,NA,Area (hectare)
Ecuador,marsh,106.832059069537,64.70935801810268,120.77194574842893,NA,Area (hectare)
Ecuador,seagrass,NA,NA,NA,NA,Area (hectare)
Qatar,mangrove,384.1240322630161,337.28528627765394,445.30538221573596,NA,Area (hectare)
Qatar,marsh,72.02228556774664,43.62469377335334,81.42004975869693,NA,Area (hectare)
Qatar,seagrass,NA,NA,NA,132375,Area (hectare)
China,mangrove,0,0,0,NA,Area (hectare)
China,marsh,125543.24628738986,76042.93075992998,141924.64567057803,NA,Area (hectare)
China,seagrass,NA,NA,NA,9145.4,Area (hectare)
Gabon,mangrove,137684.86611984036,120896.05331835423,159614.62127638172,NA,Area (hectare)
Gabon,marsh,3893.500077814223,2358.3359964521474,4401.539989631889,NA,Area (hectare)
Gabon,seagrass,NA,NA,NA,NA,Area (hectare)
Benin,mangrove,5161.948049715123,4532.518091725168,5984.117254299378,NA,Area (hectare)
Benin,marsh,5333.526096280374,3230.5756593014444,6029.466528661891,NA,Area (hectare)
Benin,seagrass,NA,NA,NA,136397,Area (hectare)
Sri Lanka,mangrove,21707.883896971412,19060.9001773124,25165.40680593702,NA,Area (hectare)
Sri Lanka,marsh,657.7009404641306,398.3767232047296,743.5204656003351,NA,Area (hectare)
Sri Lanka,seagrass,NA,NA,NA,140406,Area (hectare)
Denmark,mangrove,0,0,0,NA,Area (hectare)
Denmark,marsh,29352.264302393636,17778.99065063669,33182.26853247148,NA,Area (hectare)
Denmark,seagrass,NA,NA,NA,134500,Area (hectare)
France,mangrove,0,0,0,NA,Area (hectare)
France,marsh,73263.3594274067,44376.425916411434,82823.06404255622,NA,Area (hectare)
France,seagrass,NA,NA,NA,103897,Area (hectare)
Cameroon,mangrove,201379.62156762744,176824.09223595585,233454.35802160474,NA,Area (hectare)
Cameroon,marsh,0,0,0,NA,Area (hectare)
Cameroon,seagrass,NA,NA,NA,NA,Area (hectare)
Vietnam,mangrove,211776.52720864193,185953.2354318968,245507.23066551887,NA,Area (hectare)
Vietnam,marsh,1353.522832490378,819.843727773578,1530.136061389463,NA,Area (hectare)
Vietnam,seagrass,NA,NA,NA,15745,Area (hectare)
Maldives,mangrove,85.8724580721268,75.40146976378537,99.5497926498647,NA,Area (hectare)
Maldives,marsh,0,0,0,NA,Area (hectare)
Maldives,seagrass,NA,NA,NA,237899,Area (hectare)
Egypt,mangrove,174.12702992185106,152.89458665178077,201.86111021647315,NA,Area (hectare)
Egypt,marsh,18972.352611913466,11491.763505287223,21447.943251516397,NA,Area (hectare)
Egypt,seagrass,NA,NA,NA,220262,Area (hectare)
Argentina,mangrove,0,0,0,NA,Area (hectare)
Argentina,marsh,257832.1464354581,156171.77856141684,291475.1458757883,NA,Area (hectare)
Argentina,seagrass,NA,NA,NA,100,Area (hectare)
Colombia,mangrove,212734.62508383405,186794.50619075142,246617.92956659777,NA,Area (hectare)
Colombia,marsh,4873.980524262721,2952.2238311674537,5509.9575593877735,NA,Area (hectare)
Colombia,seagrass,NA,NA,NA,43352,Area (hectare)
Thailand,mangrove,247699.15720023745,217495.585097396,287151.4370546906,NA,Area (hectare)
Thailand,marsh,1924.6419963515343,1165.7769126917483,2175.777203893622,NA,Area (hectare)
Thailand,seagrass,NA,NA,NA,25573,Area (hectare)
Iran,mangrove,12068.394816352353,10596.816805666627,13990.5882346524,NA,Area (hectare)
Iran,marsh,1301.0902432963771,788.0847294399198,1470.861852198514,NA,Area (hectare)
Iran,seagrass,NA,NA,NA,271434,Area (hectare)
Ghana,mangrove,13310.531028390293,11687.491256324773,15430.565674769514,NA,Area (hectare)
Ghana,marsh,1848.565418686284,1119.6964894198502,2089.773841321219,NA,Area (hectare)
Ghana,seagrass,NA,NA,NA,273259,Area (hectare)
Senegal,mangrove,140924.16259040238,123740.36126486566,163369.8566477162,NA,Area (hectare)
Senegal,marsh,5541.0790861461455,3356.2927974519866,6264.101886721191,NA,Area (hectare)
Senegal,seagrass,NA,NA,NA,149078,Area (hectare)
Tonga,mangrove,792.229366120654,695.6276777981125,918.4116875075681,NA,Area (hectare)
Tonga,marsh,10.770621923828124,6.523884648642489,12.176016993314017,NA,Area (hectare)
Tonga,seagrass,NA,NA,NA,299152,Area (hectare)
Spain,mangrove,0,0,0,NA,Area (hectare)
Spain,marsh,36739.036149661355,22253.239937096314,41532.89676676921,NA,Area (hectare)
Spain,seagrass,NA,NA,NA,275931,Area (hectare)
Bahamas,mangrove,80780.95939138958,70930.81069047101,93647.34558681771,NA,Area (hectare)
Bahamas,marsh,13060.694934677733,7911.007162589406,14764.908154217754,NA,Area (hectare)
Bahamas,seagrass,NA,NA,NA,225051,Area (hectare)
Panama,mangrove,152769.17752702066,134141.03635494914,177101.48617536385,NA,Area (hectare)
Panama,marsh,269.1497154672899,163.02695511379153,304.26947788643326,NA,Area (hectare)
Panama,seagrass,NA,NA,NA,180212,Area (hectare)
Philippines,mangrove,257965.7683491977,226510.32145762295,299053.26255312155,NA,Area (hectare)
Philippines,marsh,760.6359904218608,460.7256197657376,859.8869044519448,NA,Area (hectare)
Philippines,seagrass,NA,NA,NA,97800,Area (hectare)
Honduras,mangrove,66648.23113532591,58521.378071407904,77263.6272322515,NA,Area (hectare)
Honduras,marsh,42486.58933654929,25734.596377641334,48030.414344533216,NA,Area (hectare)
Honduras,seagrass,NA,NA,NA,273912,Area (hectare)
India,mangrove,382823.1467152802,336143.0261805764,443797.29814028606,NA,Area (hectare)
India,marsh,5608.57411902339,3397.1752842722995,6340.403949228787,NA,Area (hectare)
India,seagrass,NA,NA,NA,51659.00000000001,Area (hectare)
Sudan,mangrove,352.14652183612895,309.2070020442055,408.23465425565234,NA,Area (hectare)
Sudan,marsh,0,0,0,NA,Area (hectare)
Sudan,seagrass,NA,NA,NA,442463,Area (hectare)
Bangladesh,mangrove,443779.4144964575,389666.4990751705,514462.3746334847,NA,Area (hectare)
Bangladesh,marsh,22192.57534635168,13442.287979267103,25088.353899487585,NA,Area (hectare)
Bangladesh,seagrass,NA,NA,NA,NA,Area (hectare)
Venezuela,mangrove,335619.16740120086,294694.9356182755,389074.90567053575,NA,Area (hectare)
Venezuela,marsh,13989.797933806129,8473.775110056926,15815.244335910182,NA,Area (hectare)
Venezuela,seagrass,NA,NA,NA,127242,Area (hectare)
Papua New Guinea,mangrove,471331.3072834025,413858.81006229715,546402.5947649258,NA,Area (hectare)
Papua New Guinea,marsh,5921.288025763418,3586.5895511573804,6693.9220533308835,NA,Area (hectare)
Papua New Guinea,seagrass,NA,NA,NA,11720,Area (hectare)
Tunisia,mangrove,0,0,0,NA,Area (hectare)
Tunisia,marsh,5845.3756279153995,3540.608573413961,6608.104293433861,NA,Area (hectare)
Tunisia,seagrass,NA,NA,NA,500062,Area (hectare)
Myanmar,mangrove,505637.9077341638,443982.1831979962,586173.3785303853,NA,Area (hectare)
Myanmar,marsh,13255.963348038256,8029.283397081418,14985.655993678649,NA,Area (hectare)
Myanmar,seagrass,NA,NA,NA,426,Area (hectare)
Mozambique,mangrove,318485.4459116783,279650.4404234571,369212.2109265485,NA,Area (hectare)
Mozambique,marsh,137405.11774871315,83227.79730505451,155334.30293150665,NA,Area (hectare)
Mozambique,seagrass,NA,NA,NA,72794.99999999999,Area (hectare)
Yemen,mangrove,1072.845538468233,942.0264919175731,1243.7229968442184,NA,Area (hectare)
Yemen,marsh,0,0,0,NA,Area (hectare)
Yemen,seagrass,NA,NA,NA,535426,Area (hectare)
Belize,mangrove,56776.69841533214,49853.54565319943,65819.80627412393,NA,Area (hectare)
Belize,marsh,6846.635964541828,4147.083017100506,7740.013198946869,NA,Area (hectare)
Belize,seagrass,NA,NA,NA,484784,Area (hectare)
Malaysia,mangrove,557490.2433511058,489511.8256931324,646284.4941891702,NA,Area (hectare)
Malaysia,marsh,412.9726082765586,250.14206965011672,466.8589735773955,NA,Area (hectare)
Malaysia,seagrass,NA,NA,NA,892,Area (hectare)
Russian Federation,mangrove,0,0,0,NA,Area (hectare)
Russian Federation,marsh,551566.5872021696,334089.97329965,623537.2651842984,NA,Area (hectare)
Russian Federation,seagrass,NA,NA,NA,49220.00000000001,Area (hectare)
Sierra Leone,mangrove,158318.93436074056,139014.07517890612,183535.1804524037,NA,Area (hectare)
Sierra Leone,marsh,1964.60381877463,1189.982229866706,2220.953409348476,NA,Area (hectare)
Sierra Leone,seagrass,NA,NA,NA,444562,Area (hectare)
Ukraine,mangrove,0,0,0,NA,Area (hectare)
Ukraine,marsh,95260.996449714,57700.63759993078,107691.04326331132,NA,Area (hectare)
Ukraine,seagrass,NA,NA,NA,586158,Area (hectare)
Nicaragua,mangrove,73341.91450607294,64398.8570165641,85023.44692976176,NA,Area (hectare)
Nicaragua,marsh,59987.10395687818,36334.85135663404,67814.46812674314,NA,Area (hectare)
Nicaragua,seagrass,NA,NA,NA,556556,Area (hectare)
Madagascar,mangrove,271503.03034042264,238396.89689323524,314746.6717617112,NA,Area (hectare)
Madagascar,marsh,16285.441838321029,9864.271975821153,18410.43330360876,NA,Area (hectare)
Madagascar,seagrass,NA,NA,NA,579346,Area (hectare)
Italy,mangrove,0,0,0,NA,Area (hectare)
Italy,marsh,25413.240112250165,15393.080196584207,28729.264257002927,NA,Area (hectare)
Italy,seagrass,NA,NA,NA,903058,Area (hectare)
Canada,mangrove,0,0,0,NA,Area (hectare)
Canada,marsh,908925.6603220976,550546.3105165807,1027526.020689391,NA,Area (hectare)
Canada,seagrass,NA,NA,NA,64500,Area (hectare)
Brazil,mangrove,1052648.9297948407,924292.5873292278,1220309.5736022992,NA,Area (hectare)
Brazil,marsh,116635.9934145346,70647.70932427276,131855.13778972917,NA,Area (hectare)
Brazil,seagrass,NA,NA,NA,42934,Area (hectare)
Guinea,mangrove,244709.6867624126,214870.6402677272,283685.8187540196,NA,Area (hectare)
Guinea,marsh,309.00778122699813,187.1694257318599,349.32838808150433,NA,Area (hectare)
Guinea,seagrass,NA,NA,NA,1290066,Area (hectare)
Nigeria,mangrove,695995.3890766172,611128.1365803675,806850.0450941282,NA,Area (hectare)
Nigeria,marsh,2044.5350053831328,1238.397432345343,2311.3143461006744,NA,Area (hectare)
Nigeria,seagrass,NA,NA,NA,887687,Area (hectare)
Mexico,mangrove,726770.838718409,638150.9351321848,842527.2540541121,NA,Area (hectare)
Mexico,marsh,118500.1385609934,71776.84262686495,133962.52426581288,NA,Area (hectare)
Mexico,seagrass,NA,NA,NA,957738,Area (hectare)
Guinea-Bissau,mangrove,347722.93196327676,305322.8093061206,403106.4971666751,NA,Area (hectare)
Guinea-Bissau,marsh,6694.652650764567,4055.0250454612155,7568.198476980064,NA,Area (hectare)
Guinea-Bissau,seagrass,NA,NA,NA,1539714,Area (hectare)
Cuba,mangrove,426538.82141912245,374528.1638415555,494475.7863310068,NA,Area (hectare)
Cuba,marsh,71218.66162558901,43137.92987646778,80511.5656576723,NA,Area (hectare)
Cuba,seagrass,NA,NA,NA,1607300,Area (hectare)
Indonesia,mangrove,2690026.02970222,2362013.6292363154,3118479.8885653047,NA,Area (hectare)
Indonesia,marsh,19185.025313539343,11620.581709392305,21688.366362393757,NA,Area (hectare)
Indonesia,seagrass,NA,NA,NA,293464,Area (hectare)
United States,mangrove,234873.37986244247,206233.73835579565,272282.83420791524,NA,Area (hectare)
United States,marsh,1985593.068046005,1202695.6499529793,2244681.4222350637,NA,Area (hectare)
United States,seagrass,NA,NA,NA,1442238,Area (hectare)
Australia,mangrove,957544.357169472,840784.7348908323,1110057.221480769,NA,Area (hectare)
Australia,marsh,227645.7763116497,137887.56080299054,257349.93396199733,NA,Area (hectare)
Australia,seagrass,NA,NA,NA,8301298,Area (hectare)
Indonesia,total,NA,NA,NA,NA,Area (hectare)
United States,total,NA,NA,NA,NA,Area (hectare)
Nigeria,total,NA,NA,NA,NA,Area (hectare)
Australia,total,NA,NA,NA,NA,Area (hectare)
Mexico,total,NA,NA,NA,NA,Area (hectare)
Myanmar,total,NA,NA,NA,NA,Area (hectare)
Papua New Guinea,total,NA,NA,NA,NA,Area (hectare)
Canada,total,NA,NA,NA,NA,Area (hectare)
Brazil,total,NA,NA,NA,NA,Area (hectare)
Russian Federation,total,NA,NA,NA,NA,Area (hectare)
Bangladesh,total,NA,NA,NA,NA,Area (hectare)
Venezuela,total,NA,NA,NA,NA,Area (hectare)
Guinea,total,NA,NA,NA,NA,Area (hectare)
Cameroon,total,NA,NA,NA,NA,Area (hectare)
Colombia,total,NA,NA,NA,NA,Area (hectare)
Mozambique,total,NA,NA,NA,NA,Area (hectare)
Malaysia,total,NA,NA,NA,NA,Area (hectare)
India,total,NA,NA,NA,NA,Area (hectare)
Cuba,total,NA,NA,NA,NA,Area (hectare)
Argentina,total,NA,NA,NA,NA,Area (hectare)
Sierra Leone,total,NA,NA,NA,NA,Area (hectare)
Vietnam,total,NA,NA,NA,NA,Area (hectare)
Thailand,total,NA,NA,NA,NA,Area (hectare)
Gabon,total,NA,NA,NA,NA,Area (hectare)
Ecuador,total,NA,NA,NA,NA,Area (hectare)
Panama,total,NA,NA,NA,NA,Area (hectare)
Madagascar,total,NA,NA,NA,NA,Area (hectare)
Nicaragua,total,NA,NA,NA,NA,Area (hectare)
Honduras,total,NA,NA,NA,NA,Area (hectare)
Senegal,total,NA,NA,NA,NA,Area (hectare)
Bahamas,total,NA,NA,NA,NA,Area (hectare)
Fiji,total,NA,NA,NA,NA,Area (hectare)
Suriname,total,NA,NA,NA,NA,Area (hectare)
Guinea-Bissau,total,NA,NA,NA,NA,Area (hectare)
Gambia,total,NA,NA,NA,NA,Area (hectare)
Belize,total,NA,NA,NA,NA,Area (hectare)
Ukraine,total,NA,NA,NA,NA,Area (hectare)
Pakistan,total,NA,NA,NA,NA,Area (hectare)
Cambodia,total,NA,NA,NA,NA,Area (hectare)
Philippines,total,NA,NA,NA,NA,Area (hectare)
France,total,NA,NA,NA,NA,Area (hectare)
Solomon Islands,total,NA,NA,NA,NA,Area (hectare)
Romania,total,NA,NA,NA,NA,Area (hectare)
Guatemala,total,NA,NA,NA,NA,Area (hectare)
Chile,total,NA,NA,NA,NA,Area (hectare)
China,total,NA,NA,NA,NA,Area (hectare)
United Kingdom,total,NA,NA,NA,NA,Area (hectare)
Kenya,total,NA,NA,NA,NA,Area (hectare)
Democratic Republic of the Congo,total,NA,NA,NA,NA,Area (hectare)
Costa Rica,total,NA,NA,NA,NA,Area (hectare)
El Salvador,total,NA,NA,NA,NA,Area (hectare)
New Caledonia,total,NA,NA,NA,NA,Area (hectare)
Guyana,total,NA,NA,NA,NA,Area (hectare)
Dominican Republic,total,NA,NA,NA,NA,Area (hectare)
Sri Lanka,total,NA,NA,NA,NA,Area (hectare)
French Guiana,total,NA,NA,NA,NA,Area (hectare)
Ghana,total,NA,NA,NA,NA,Area (hectare)
Uruguay,total,NA,NA,NA,NA,Area (hectare)
Tanzania,total,NA,NA,NA,NA,Area (hectare)
Estonia,total,NA,NA,NA,NA,Area (hectare)
Denmark,total,NA,NA,NA,NA,Area (hectare)
Japan,total,NA,NA,NA,NA,Area (hectare)
Turkey,total,NA,NA,NA,NA,Area (hectare)
Haiti,total,NA,NA,NA,NA,Area (hectare)
Turks and Caicos Islands,total,NA,NA,NA,NA,Area (hectare)
Italy,total,NA,NA,NA,NA,Area (hectare)
Greece,total,NA,NA,NA,NA,Area (hectare)
South Korea,total,NA,NA,NA,NA,Area (hectare)
Egypt,total,NA,NA,NA,NA,Area (hectare)
Equatorial Guinea,total,NA,NA,NA,NA,Area (hectare)
Germany,total,NA,NA,NA,NA,Area (hectare)
Poland,total,NA,NA,NA,NA,Area (hectare)
Latvia,total,NA,NA,NA,NA,Area (hectare)
Jamaica,total,NA,NA,NA,NA,Area (hectare)
Brunei,total,NA,NA,NA,NA,Area (hectare)
Micronesia,total,NA,NA,NA,NA,Area (hectare)
New Zealand,total,NA,NA,NA,NA,Area (hectare)
Sweden,total,NA,NA,NA,NA,Area (hectare)
Benin,total,NA,NA,NA,NA,Area (hectare)
Puerto Rico,total,NA,NA,NA,NA,Area (hectare)
Saudi Arabia,total,NA,NA,NA,NA,Area (hectare)
Liberia,total,NA,NA,NA,NA,Area (hectare)
Cayman Islands,total,NA,NA,NA,NA,Area (hectare)
South Africa,total,NA,NA,NA,NA,Area (hectare)
Spain,total,NA,NA,NA,NA,Area (hectare)
Palau,total,NA,NA,NA,NA,Area (hectare)
Trinidad and Tobago,total,NA,NA,NA,NA,Area (hectare)
North Korea,total,NA,NA,NA,NA,Area (hectare)
Albania,total,NA,NA,NA,NA,Area (hectare)
Eritrea,total,NA,NA,NA,NA,Area (hectare)
Netherlands,total,NA,NA,NA,NA,Area (hectare)
Angola,total,NA,NA,NA,NA,Area (hectare)
Peru,total,NA,NA,NA,NA,Area (hectare)
Georgia,total,NA,NA,NA,NA,Area (hectare)
Ireland,total,NA,NA,NA,NA,Area (hectare)
Tunisia,total,NA,NA,NA,NA,Area (hectare)
Croatia,total,NA,NA,NA,NA,Area (hectare)
Portugal,total,NA,NA,NA,NA,Area (hectare)
Morocco,total,NA,NA,NA,NA,Area (hectare)
Lithuania,total,NA,NA,NA,NA,Area (hectare)
Guadeloupe,total,NA,NA,NA,NA,Area (hectare)
Somalia,total,NA,NA,NA,NA,Area (hectare)
Côte d'Ivoire,total,NA,NA,NA,NA,Area (hectare)
United Arab Emirates,total,NA,NA,NA,NA,Area (hectare)
Mauritania,total,NA,NA,NA,NA,Area (hectare)
Algeria,total,NA,NA,NA,NA,Area (hectare)
Montenegro,total,NA,NA,NA,NA,Area (hectare)
Falkland Islands,total,NA,NA,NA,NA,Area (hectare)
Bulgaria,total,NA,NA,NA,NA,Area (hectare)
Vanuatu,total,NA,NA,NA,NA,Area (hectare)
Seychelles,total,NA,NA,NA,NA,Area (hectare)
Martinique,total,NA,NA,NA,NA,Area (hectare)
Yemen,total,NA,NA,NA,NA,Area (hectare)
Timor-Leste,total,NA,NA,NA,NA,Area (hectare)
Antigua and Barbuda,total,NA,NA,NA,NA,Area (hectare)
Iran,total,NA,NA,NA,NA,Area (hectare)
Tonga,total,NA,NA,NA,NA,Area (hectare)
Finland,total,NA,NA,NA,NA,Area (hectare)
French Southern Territories,total,NA,NA,NA,NA,Area (hectare)
Djibouti,total,NA,NA,NA,NA,Area (hectare)
Togo,total,NA,NA,NA,NA,Area (hectare)
Mayotte,total,NA,NA,NA,NA,Area (hectare)
Singapore,total,NA,NA,NA,NA,Area (hectare)
Congo,total,NA,NA,NA,NA,Area (hectare)
Belgium,total,NA,NA,NA,NA,Area (hectare)
Qatar,total,NA,NA,NA,NA,Area (hectare)
Bosnia and Herzegovina,total,NA,NA,NA,NA,Area (hectare)
Samoa,total,NA,NA,NA,NA,Area (hectare)
Norway,total,NA,NA,NA,NA,Area (hectare)
Sudan,total,NA,NA,NA,NA,Area (hectare)
Namibia,total,NA,NA,NA,NA,Area (hectare)
Oman,total,NA,NA,NA,NA,Area (hectare)
Bonaire,total,NA,NA,NA,NA,Area (hectare)
Cyprus,total,NA,NA,NA,NA,Area (hectare)
Grenada,total,NA,NA,NA,NA,Area (hectare)
US Virgin Islands,total,NA,NA,NA,NA,Area (hectare)
Saint Pierre and Miquelon,total,NA,NA,NA,NA,Area (hectare)
Libya,total,NA,NA,NA,NA,Area (hectare)
Saint Lucia,total,NA,NA,NA,NA,Area (hectare)
Comoros,total,NA,NA,NA,NA,Area (hectare)
Iraq,total,NA,NA,NA,NA,Area (hectare)
Slovenia,total,NA,NA,NA,NA,Area (hectare)
Maldives,total,NA,NA,NA,NA,Area (hectare)
Bahrain,total,NA,NA,NA,NA,Area (hectare)
Curacao,total,NA,NA,NA,NA,Area (hectare)
British Virgin Islands,total,NA,NA,NA,NA,Area (hectare)
Aruba,total,NA,NA,NA,NA,Area (hectare)
Kuwait,total,NA,NA,NA,NA,Area (hectare)
Saint Kitts and Nevis,total,NA,NA,NA,NA,Area (hectare)
Saint Vincent and the Grenadines,total,NA,NA,NA,NA,Area (hectare)
Barbados,total,NA,NA,NA,NA,Area (hectare)
Guam,total,NA,NA,NA,NA,Area (hectare)
Northern Mariana Islands,total,NA,NA,NA,NA,Area (hectare)
Mauritius,total,NA,NA,NA,NA,Area (hectare)
Kiribati,total,NA,NA,NA,NA,Area (hectare)
Wallis and Futuna,total,NA,NA,NA,NA,Area (hectare)
Saint Martin,total,NA,NA,NA,NA,Area (hectare)
Réunion,total,NA,NA,NA,NA,Area (hectare)
Canarias,total,NA,NA,NA,NA,Area (hectare)
Syria,total,NA,NA,NA,NA,Area (hectare)
Israel,total,NA,NA,NA,NA,Area (hectare)
Anguilla,total,NA,NA,NA,NA,Area (hectare)
Saint Barthelemy,total,NA,NA,NA,NA,Area (hectare)
Nauru,total,NA,NA,NA,NA,Area (hectare)
French Polynesia,total,NA,NA,NA,NA,Area (hectare)
Marshall Islands,total,NA,NA,NA,NA,Area (hectare)
Sint Maarten,total,NA,NA,NA,NA,Area (hectare)
American Samoa,total,NA,NA,NA,NA,Area (hectare)
Bermuda,total,NA,NA,NA,NA,Area (hectare)
Cabo Verde,total,NA,NA,NA,NA,Area (hectare)
Dominica,total,NA,NA,NA,NA,Area (hectare)
Iceland,total,NA,NA,NA,NA,Area (hectare)
Jordan,total,NA,NA,NA,NA,Area (hectare)
Malta,total,NA,NA,NA,NA,Area (hectare)
Montserrat,total,NA,NA,NA,NA,Area (hectare)
Palestinian Territory,total,NA,NA,NA,NA,Area (hectare)
United States Minor Outlying Islands,total,NA,NA,NA,NA,Area (hectare)
